frame_index,flame2_rgb_path,flame2_thermal_path,matched_split
116,raw\flame2\254p RGB Images\254p RGB Frame (116).jpg,raw\flame2\254p Thermal Images\254p Thermal Frame (116).jpg,val
167,raw\flame2\254p RGB Images\254p RGB Frame (167).jpg,raw\flame2\254p Thermal Images\254p Thermal Frame (167).jpg,val
181,raw\flame2\254p RGB Images\254p RGB Frame (181).jpg,raw\flame2\254p Thermal Images\254p Thermal Frame (181).jpg,val
205,raw\flame2\254p RGB Images\254p RGB Frame (205).jpg,raw\flame2\254p Thermal Images\254p Thermal Frame (205).jpg,val
246,raw\flame2\254p RGB Images\254p RGB Frame (246).jpg,raw\flame2\254p Thermal Images\254p Thermal Frame (246).jpg,val
378,raw\flame2\254p RGB Images\254p RGB Frame (378).jpg,raw\flame2\254p Thermal Images\254p Thermal Frame (378).jpg,test
384,raw\flame2\254p RGB Images\254p RGB Frame (384).jpg,raw\flame2\254p Thermal Images\254p Thermal Frame (384).jpg,test
763,raw\flame2\254p RGB Images\254p RGB Frame (763).jpg,raw\flame2\254p Thermal Images\254p Thermal Frame (763).jpg,test
792,raw\flame2\254p RGB Images\254p RGB Frame (792).jpg,raw\flame2\254p Thermal Images\254p Thermal Frame (792).jpg,test
865,raw\flame2\254p RGB Images\254p RGB Frame (865).jpg,raw\flame2\254p Thermal Images\254p Thermal Frame (865).jpg,test
885,raw\flame2\254p RGB Images\254p RGB Frame (885).jpg,raw\flame2\254p Thermal Images\254p Thermal Frame (885).jpg,test
938,raw\flame2\254p RGB Images\254p RGB Frame (938).jpg,raw\flame2\254p Thermal Images\254p Thermal Frame (938).jpg,test
955,raw\flame2\254p RGB Images\254p RGB Frame (955).jpg,raw\flame2\254p Thermal Images\254p Thermal Frame (955).jpg,test
1010,raw\flame2\254p RGB Images\254p RGB Frame (1010).jpg,raw\flame2\254p Thermal Images\254p Thermal Frame (1010).jpg,test
1037,raw\flame2\254p RGB Images\254p RGB Frame (1037).jpg,raw\flame2\254p Thermal Images\254p Thermal Frame (1037).jpg,test
1181,raw\flame2\254p RGB Images\254p RGB Frame (1181).jpg,raw\flame2\254p Thermal Images\254p Thermal Frame (1181).jpg,test
1226,raw\flame2\254p RGB Images\254p RGB Frame (1226).jpg,raw\flame2\254p Thermal Images\254p Thermal Frame (1226).jpg,test
1234,raw\flame2\254p RGB Images\254p RGB Frame (1234).jpg,raw\flame2\254p Thermal Images\254p Thermal Frame (1234).jpg,test
1270,raw\flame2\254p RGB Images\254p RGB Frame (1270).jpg,raw\flame2\254p Thermal Images\254p Thermal Frame (1270).jpg,test
1303,raw\flame2\254p RGB Images\254p RGB Frame (1303).jpg,raw\flame2\254p Thermal Images\254p Thermal Frame (1303).jpg,test
1322,raw\flame2\254p RGB Images\254p RGB Frame (1322).jpg,raw\flame2\254p Thermal Images\254p Thermal Frame (1322).jpg,val
1434,raw\flame2\254p RGB Images\254p RGB Frame (1434).jpg,raw\flame2\254p Thermal Images\254p Thermal Frame (1434).jpg,val
1477,raw\flame2\254p RGB Images\254p RGB Frame (1477).jpg,raw\flame2\254p Thermal Images\254p Thermal Frame (1477).jpg,val
1500,raw\flame2\254p RGB Images\254p RGB Frame (1500).jpg,raw\flame2\254p Thermal Images\254p Thermal Frame (1500).jpg,val
1501,raw\flame2\254p RGB Images\254p RGB Frame (1501).jpg,raw\flame2\254p Thermal Images\254p Thermal Frame (1501).jpg,val
1546,raw\flame2\254p RGB Images\254p RGB Frame (1546).jpg,raw\flame2\254p Thermal Images\254p Thermal Frame (1546).jpg,test
1614,raw\flame2\254p RGB Images\254p RGB Frame (1614).jpg,raw\flame2\254p Thermal Images\254p Thermal Frame (1614).jpg,test
1721,raw\flame2\254p RGB Images\254p RGB Frame (1721).jpg,raw\flame2\254p Thermal Images\254p Thermal Frame (1721).jpg,test
1937,raw\flame2\254p RGB Images\254p RGB Frame (1937).jpg,raw\flame2\254p Thermal Images\254p Thermal Frame (1937).jpg,test
1949,raw\flame2\254p RGB Images\254p RGB Frame (1949).jpg,raw\flame2\254p Thermal Images\254p Thermal Frame (1949).jpg,test
1988,raw\flame2\254p RGB Images\254p RGB Frame (1988).jpg,raw\flame2\254p Thermal Images\254p Thermal Frame (1988).jpg,test
2077,raw\flame2\254p RGB Images\254p RGB Frame (2077).jpg,raw\flame2\254p Thermal Images\254p Thermal Frame (2077).jpg,test
2125,raw\flame2\254p RGB Images\254p RGB Frame (2125).jpg,raw\flame2\254p Thermal Images\254p Thermal Frame (2125).jpg,test
2149,raw\flame2\254p RGB Images\254p RGB Frame (2149).jpg,raw\flame2\254p Thermal Images\254p Thermal Frame (2149).jpg,test
2176,raw\flame2\254p RGB Images\254p RGB Frame (2176).jpg,raw\flame2\254p Thermal Images\254p Thermal Frame (2176).jpg,test
2308,raw\flame2\254p RGB Images\254p RGB Frame (2308).jpg,raw\flame2\254p Thermal Images\254p Thermal Frame (2308).jpg,test
2372,raw\flame2\254p RGB Images\254p RGB Frame (2372).jpg,raw\flame2\254p Thermal Images\254p Thermal Frame (2372).jpg,test
2494,raw\flame2\254p RGB Images\254p RGB Frame (2494).jpg,raw\flame2\254p Thermal Images\254p Thermal Frame (2494).jpg,test
2513,raw\flame2\254p RGB Images\254p RGB Frame (2513).jpg,raw\flame2\254p Thermal Images\254p Thermal Frame (2513).jpg,test
2521,raw\flame2\254p RGB Images\254p RGB Frame (2521).jpg,raw\flame2\254p Thermal Images\254p Thermal Frame (2521).jpg,test
2534,raw\flame2\254p RGB Images\254p RGB Frame (2534).jpg,raw\flame2\254p Thermal Images\254p Thermal Frame (2534).jpg,test
2603,raw\flame2\254p RGB Images\254p RGB Frame (2603).jpg,raw\flame2\254p Thermal Images\254p Thermal Frame (2603).jpg,val
2654,raw\flame2\254p RGB Images\254p RGB Frame (2654).jpg,raw\flame2\254p Thermal Images\254p Thermal Frame (2654).jpg,val
2806,raw\flame2\254p RGB Images\254p RGB Frame (2806).jpg,raw\flame2\254p Thermal Images\254p Thermal Frame (2806).jpg,val
2808,raw\flame2\254p RGB Images\254p RGB Frame (2808).jpg,raw\flame2\254p Thermal Images\254p Thermal Frame (2808).jpg,val
2856,raw\flame2\254p RGB Images\254p RGB Frame (2856).jpg,raw\flame2\254p Thermal Images\254p Thermal Frame (2856).jpg,val
2951,raw\flame2\254p RGB Images\254p RGB Frame (2951).jpg,raw\flame2\254p Thermal Images\254p Thermal Frame (2951).jpg,test
2974,raw\flame2\254p RGB Images\254p RGB Frame (2974).jpg,raw\flame2\254p Thermal Images\254p Thermal Frame (2974).jpg,test
2986,raw\flame2\254p RGB Images\254p RGB Frame (2986).jpg,raw\flame2\254p Thermal Images\254p Thermal Frame (2986).jpg,test
3037,raw\flame2\254p RGB Images\254p RGB Frame (3037).jpg,raw\flame2\254p Thermal Images\254p Thermal Frame (3037).jpg,test
3103,raw\flame2\254p RGB Images\254p RGB Frame (3103).jpg,raw\flame2\254p Thermal Images\254p Thermal Frame (3103).jpg,test
3149,raw\flame2\254p RGB Images\254p RGB Frame (3149).jpg,raw\flame2\254p Thermal Images\254p Thermal Frame (3149).jpg,test
3250,raw\flame2\254p RGB Images\254p RGB Frame (3250).jpg,raw\flame2\254p Thermal Images\254p Thermal Frame (3250).jpg,test
3355,raw\flame2\254p RGB Images\254p RGB Frame (3355).jpg,raw\flame2\254p Thermal Images\254p Thermal Frame (3355).jpg,test
3359,raw\flame2\254p RGB Images\254p RGB Frame (3359).jpg,raw\flame2\254p Thermal Images\254p Thermal Frame (3359).jpg,test
3422,raw\flame2\254p RGB Images\254p RGB Frame (3422).jpg,raw\flame2\254p Thermal Images\254p Thermal Frame (3422).jpg,test
3430,raw\flame2\254p RGB Images\254p RGB Frame (3430).jpg,raw\flame2\254p Thermal Images\254p Thermal Frame (3430).jpg,test
3431,raw\flame2\254p RGB Images\254p RGB Frame (3431).jpg,raw\flame2\254p Thermal Images\254p Thermal Frame (3431).jpg,test
3517,raw\flame2\254p RGB Images\254p RGB Frame (3517).jpg,raw\flame2\254p Thermal Images\254p Thermal Frame (3517).jpg,test
3649,raw\flame2\254p RGB Images\254p RGB Frame (3649).jpg,raw\flame2\254p Thermal Images\254p Thermal Frame (3649).jpg,test
3660,raw\flame2\254p RGB Images\254p RGB Frame (3660).jpg,raw\flame2\254p Thermal Images\254p Thermal Frame (3660).jpg,test
3726,raw\flame2\254p RGB Images\254p RGB Frame (3726).jpg,raw\flame2\254p Thermal Images\254p Thermal Frame (3726).jpg,test
3739,raw\flame2\254p RGB Images\254p RGB Frame (3739).jpg,raw\flame2\254p Thermal Images\254p Thermal Frame (3739).jpg,val
3741,raw\flame2\254p RGB Images\254p RGB Frame (3741).jpg,raw\flame2\254p Thermal Images\254p Thermal Frame (3741).jpg,val
3766,raw\flame2\254p RGB Images\254p RGB Frame (3766).jpg,raw\flame2\254p Thermal Images\254p Thermal Frame (3766).jpg,val
3845,raw\flame2\254p RGB Images\254p RGB Frame (3845).jpg,raw\flame2\254p Thermal Images\254p Thermal Frame (3845).jpg,val
4052,raw\flame2\254p RGB Images\254p RGB Frame (4052).jpg,raw\flame2\254p Thermal Images\254p Thermal Frame (4052).jpg,val
4107,raw\flame2\254p RGB Images\254p RGB Frame (4107).jpg,raw\flame2\254p Thermal Images\254p Thermal Frame (4107).jpg,test
4150,raw\flame2\254p RGB Images\254p RGB Frame (4150).jpg,raw\flame2\254p Thermal Images\254p Thermal Frame (4150).jpg,test
4169,raw\flame2\254p RGB Images\254p RGB Frame (4169).jpg,raw\flame2\254p Thermal Images\254p Thermal Frame (4169).jpg,test
4975,raw\flame2\254p RGB Images\254p RGB Frame (4975).jpg,raw\flame2\254p Thermal Images\254p Thermal Frame (4975).jpg,val
5054,raw\flame2\254p RGB Images\254p RGB Frame (5054).jpg,raw\flame2\254p Thermal Images\254p Thermal Frame (5054).jpg,val
5121,raw\flame2\254p RGB Images\254p RGB Frame (5121).jpg,raw\flame2\254p Thermal Images\254p Thermal Frame (5121).jpg,val
5136,raw\flame2\254p RGB Images\254p RGB Frame (5136).jpg,raw\flame2\254p Thermal Images\254p Thermal Frame (5136).jpg,val
5216,raw\flame2\254p RGB Images\254p RGB Frame (5216).jpg,raw\flame2\254p Thermal Images\254p Thermal Frame (5216).jpg,val
6145,raw\flame2\254p RGB Images\254p RGB Frame (6145).jpg,raw\flame2\254p Thermal Images\254p Thermal Frame (6145).jpg,val
6194,raw\flame2\254p RGB Images\254p RGB Frame (6194).jpg,raw\flame2\254p Thermal Images\254p Thermal Frame (6194).jpg,val
6254,raw\flame2\254p RGB Images\254p RGB Frame (6254).jpg,raw\flame2\254p Thermal Images\254p Thermal Frame (6254).jpg,val
6346,raw\flame2\254p RGB Images\254p RGB Frame (6346).jpg,raw\flame2\254p Thermal Images\254p Thermal Frame (6346).jpg,val
6393,raw\flame2\254p RGB Images\254p RGB Frame (6393).jpg,raw\flame2\254p Thermal Images\254p Thermal Frame (6393).jpg,val
7211,raw\flame2\254p RGB Images\254p RGB Frame (7211).jpg,raw\flame2\254p Thermal Images\254p Thermal Frame (7211).jpg,val
7212,raw\flame2\254p RGB Images\254p RGB Frame (7212).jpg,raw\flame2\254p Thermal Images\254p Thermal Frame (7212).jpg,val
7215,raw\flame2\254p RGB Images\254p RGB Frame (7215).jpg,raw\flame2\254p Thermal Images\254p Thermal Frame (7215).jpg,val
7237,raw\flame2\254p RGB Images\254p RGB Frame (7237).jpg,raw\flame2\254p Thermal Images\254p Thermal Frame (7237).jpg,val
7273,raw\flame2\254p RGB Images\254p RGB Frame (7273).jpg,raw\flame2\254p Thermal Images\254p Thermal Frame (7273).jpg,val
8351,raw\flame2\254p RGB Images\254p RGB Frame (8351).jpg,raw\flame2\254p Thermal Images\254p Thermal Frame (8351).jpg,val
8441,raw\flame2\254p RGB Images\254p RGB Frame (8441).jpg,raw\flame2\254p Thermal Images\254p Thermal Frame (8441).jpg,val
8461,raw\flame2\254p RGB Images\254p RGB Frame (8461).jpg,raw\flame2\254p Thermal Images\254p Thermal Frame (8461).jpg,val
8597,raw\flame2\254p RGB Images\254p RGB Frame (8597).jpg,raw\flame2\254p Thermal Images\254p Thermal Frame (8597).jpg,val
8622,raw\flame2\254p RGB Images\254p RGB Frame (8622).jpg,raw\flame2\254p Thermal Images\254p Thermal Frame (8622).jpg,val
9597,raw\flame2\254p RGB Images\254p RGB Frame (9597).jpg,raw\flame2\254p Thermal Images\254p Thermal Frame (9597).jpg,val
9715,raw\flame2\254p RGB Images\254p RGB Frame (9715).jpg,raw\flame2\254p Thermal Images\254p Thermal Frame (9715).jpg,val
9775,raw\flame2\254p RGB Images\254p RGB Frame (9775).jpg,raw\flame2\254p Thermal Images\254p Thermal Frame (9775).jpg,val
9826,raw\flame2\254p RGB Images\254p RGB Frame (9826).jpg,raw\flame2\254p Thermal Images\254p Thermal Frame (9826).jpg,val
9841,raw\flame2\254p RGB Images\254p RGB Frame (9841).jpg,raw\flame2\254p Thermal Images\254p Thermal Frame (9841).jpg,val
10758,raw\flame2\254p RGB Images\254p RGB Frame (10758).jpg,raw\flame2\254p Thermal Images\254p Thermal Frame (10758).jpg,val
10881,raw\flame2\254p RGB Images\254p RGB Frame (10881).jpg,raw\flame2\254p Thermal Images\254p Thermal Frame (10881).jpg,val
10903,raw\flame2\254p RGB Images\254p RGB Frame (10903).jpg,raw\flame2\254p Thermal Images\254p Thermal Frame (10903).jpg,val
10908,raw\flame2\254p RGB Images\254p RGB Frame (10908).jpg,raw\flame2\254p Thermal Images\254p Thermal Frame (10908).jpg,val
10915,raw\flame2\254p RGB Images\254p RGB Frame (10915).jpg,raw\flame2\254p Thermal Images\254p Thermal Frame (10915).jpg,val
11837,raw\flame2\254p RGB Images\254p RGB Frame (11837).jpg,raw\flame2\254p Thermal Images\254p Thermal Frame (11837).jpg,val
11853,raw\flame2\254p RGB Images\254p RGB Frame (11853).jpg,raw\flame2\254p Thermal Images\254p Thermal Frame (11853).jpg,val
12114,raw\flame2\254p RGB Images\254p RGB Frame (12114).jpg,raw\flame2\254p Thermal Images\254p Thermal Frame (12114).jpg,val
12269,raw\flame2\254p RGB Images\254p RGB Frame (12269).jpg,raw\flame2\254p Thermal Images\254p Thermal Frame (12269).jpg,val
12285,raw\flame2\254p RGB Images\254p RGB Frame (12285).jpg,raw\flame2\254p Thermal Images\254p Thermal Frame (12285).jpg,val
13111,raw\flame2\254p RGB Images\254p RGB Frame (13111).jpg,raw\flame2\254p Thermal Images\254p Thermal Frame (13111).jpg,val
13150,raw\flame2\254p RGB Images\254p RGB Frame (13150).jpg,raw\flame2\254p Thermal Images\254p Thermal Frame (13150).jpg,val
13225,raw\flame2\254p RGB Images\254p RGB Frame (13225).jpg,raw\flame2\254p Thermal Images\254p Thermal Frame (13225).jpg,val
13273,raw\flame2\254p RGB Images\254p RGB Frame (13273).jpg,raw\flame2\254p Thermal Images\254p Thermal Frame (13273).jpg,val
13319,raw\flame2\254p RGB Images\254p RGB Frame (13319).jpg,raw\flame2\254p Thermal Images\254p Thermal Frame (13319).jpg,val
14340,raw\flame2\254p RGB Images\254p RGB Frame (14340).jpg,raw\flame2\254p Thermal Images\254p Thermal Frame (14340).jpg,val
14355,raw\flame2\254p RGB Images\254p RGB Frame (14355).jpg,raw\flame2\254p Thermal Images\254p Thermal Frame (14355).jpg,val
14391,raw\flame2\254p RGB Images\254p RGB Frame (14391).jpg,raw\flame2\254p Thermal Images\254p Thermal Frame (14391).jpg,val
14412,raw\flame2\254p RGB Images\254p RGB Frame (14412).jpg,raw\flame2\254p Thermal Images\254p Thermal Frame (14412).jpg,val
14432,raw\flame2\254p RGB Images\254p RGB Frame (14432).jpg,raw\flame2\254p Thermal Images\254p Thermal Frame (14432).jpg,val
15183,raw\flame2\254p RGB Images\254p RGB Frame (15183).jpg,raw\flame2\254p Thermal Images\254p Thermal Frame (15183).jpg,val
15197,raw\flame2\254p RGB Images\254p RGB Frame (15197).jpg,raw\flame2\254p Thermal Images\254p Thermal Frame (15197).jpg,val
15201,raw\flame2\254p RGB Images\254p RGB Frame (15201).jpg,raw\flame2\254p Thermal Images\254p Thermal Frame (15201).jpg,val
15242,raw\flame2\254p RGB Images\254p RGB Frame (15242).jpg,raw\flame2\254p Thermal Images\254p Thermal Frame (15242).jpg,val
15341,raw\flame2\254p RGB Images\254p RGB Frame (15341).jpg,raw\flame2\254p Thermal Images\254p Thermal Frame (15341).jpg,val
16470,raw\flame2\254p RGB Images\254p RGB Frame (16470).jpg,raw\flame2\254p Thermal Images\254p Thermal Frame (16470).jpg,val
16503,raw\flame2\254p RGB Images\254p RGB Frame (16503).jpg,raw\flame2\254p Thermal Images\254p Thermal Frame (16503).jpg,val
16516,raw\flame2\254p RGB Images\254p RGB Frame (16516).jpg,raw\flame2\254p Thermal Images\254p Thermal Frame (16516).jpg,val
16565,raw\flame2\254p RGB Images\254p RGB Frame (16565).jpg,raw\flame2\254p Thermal Images\254p Thermal Frame (16565).jpg,val
16584,raw\flame2\254p RGB Images\254p RGB Frame (16584).jpg,raw\flame2\254p Thermal Images\254p Thermal Frame (16584).jpg,val
17473,raw\flame2\254p RGB Images\254p RGB Frame (17473).jpg,raw\flame2\254p Thermal Images\254p Thermal Frame (17473).jpg,val
17502,raw\flame2\254p RGB Images\254p RGB Frame (17502).jpg,raw\flame2\254p Thermal Images\254p Thermal Frame (17502).jpg,val
17535,raw\flame2\254p RGB Images\254p RGB Frame (17535).jpg,raw\flame2\254p Thermal Images\254p Thermal Frame (17535).jpg,val
17548,raw\flame2\254p RGB Images\254p RGB Frame (17548).jpg,raw\flame2\254p Thermal Images\254p Thermal Frame (17548).jpg,val
17580,raw\flame2\254p RGB Images\254p RGB Frame (17580).jpg,raw\flame2\254p Thermal Images\254p Thermal Frame (17580).jpg,val
18323,raw\flame2\254p RGB Images\254p RGB Frame (18323).jpg,raw\flame2\254p Thermal Images\254p Thermal Frame (18323).jpg,test
18538,raw\flame2\254p RGB Images\254p RGB Frame (18538).jpg,raw\flame2\254p Thermal Images\254p Thermal Frame (18538).jpg,test
18544,raw\flame2\254p RGB Images\254p RGB Frame (18544).jpg,raw\flame2\254p Thermal Images\254p Thermal Frame (18544).jpg,test
18577,raw\flame2\254p RGB Images\254p RGB Frame (18577).jpg,raw\flame2\254p Thermal Images\254p Thermal Frame (18577).jpg,test
18620,raw\flame2\254p RGB Images\254p RGB Frame (18620).jpg,raw\flame2\254p Thermal Images\254p Thermal Frame (18620).jpg,test
18637,raw\flame2\254p RGB Images\254p RGB Frame (18637).jpg,raw\flame2\254p Thermal Images\254p Thermal Frame (18637).jpg,val
18809,raw\flame2\254p RGB Images\254p RGB Frame (18809).jpg,raw\flame2\254p Thermal Images\254p Thermal Frame (18809).jpg,val
18830,raw\flame2\254p RGB Images\254p RGB Frame (18830).jpg,raw\flame2\254p Thermal Images\254p Thermal Frame (18830).jpg,val
18842,raw\flame2\254p RGB Images\254p RGB Frame (18842).jpg,raw\flame2\254p Thermal Images\254p Thermal Frame (18842).jpg,val
19059,raw\flame2\254p RGB Images\254p RGB Frame (19059).jpg,raw\flame2\254p Thermal Images\254p Thermal Frame (19059).jpg,val
19166,raw\flame2\254p RGB Images\254p RGB Frame (19166).jpg,raw\flame2\254p Thermal Images\254p Thermal Frame (19166).jpg,test
19222,raw\flame2\254p RGB Images\254p RGB Frame (19222).jpg,raw\flame2\254p Thermal Images\254p Thermal Frame (19222).jpg,test
19274,raw\flame2\254p RGB Images\254p RGB Frame (19274).jpg,raw\flame2\254p Thermal Images\254p Thermal Frame (19274).jpg,test
19317,raw\flame2\254p RGB Images\254p RGB Frame (19317).jpg,raw\flame2\254p Thermal Images\254p Thermal Frame (19317).jpg,test
19318,raw\flame2\254p RGB Images\254p RGB Frame (19318).jpg,raw\flame2\254p Thermal Images\254p Thermal Frame (19318).jpg,test
19336,raw\flame2\254p RGB Images\254p RGB Frame (19336).jpg,raw\flame2\254p Thermal Images\254p Thermal Frame (19336).jpg,test
19497,raw\flame2\254p RGB Images\254p RGB Frame (19497).jpg,raw\flame2\254p Thermal Images\254p Thermal Frame (19497).jpg,test
19503,raw\flame2\254p RGB Images\254p RGB Frame (19503).jpg,raw\flame2\254p Thermal Images\254p Thermal Frame (19503).jpg,test
19509,raw\flame2\254p RGB Images\254p RGB Frame (19509).jpg,raw\flame2\254p Thermal Images\254p Thermal Frame (19509).jpg,test
19512,raw\flame2\254p RGB Images\254p RGB Frame (19512).jpg,raw\flame2\254p Thermal Images\254p Thermal Frame (19512).jpg,test
19521,raw\flame2\254p RGB Images\254p RGB Frame (19521).jpg,raw\flame2\254p Thermal Images\254p Thermal Frame (19521).jpg,test
19572,raw\flame2\254p RGB Images\254p RGB Frame (19572).jpg,raw\flame2\254p Thermal Images\254p Thermal Frame (19572).jpg,test
19601,raw\flame2\254p RGB Images\254p RGB Frame (19601).jpg,raw\flame2\254p Thermal Images\254p Thermal Frame (19601).jpg,test
19620,raw\flame2\254p RGB Images\254p RGB Frame (19620).jpg,raw\flame2\254p Thermal Images\254p Thermal Frame (19620).jpg,test
19630,raw\flame2\254p RGB Images\254p RGB Frame (19630).jpg,raw\flame2\254p Thermal Images\254p Thermal Frame (19630).jpg,test
19728,raw\flame2\254p RGB Images\254p RGB Frame (19728).jpg,raw\flame2\254p Thermal Images\254p Thermal Frame (19728).jpg,test
19840,raw\flame2\254p RGB Images\254p RGB Frame (19840).jpg,raw\flame2\254p Thermal Images\254p Thermal Frame (19840).jpg,val
20011,raw\flame2\254p RGB Images\254p RGB Frame (20011).jpg,raw\flame2\254p Thermal Images\254p Thermal Frame (20011).jpg,val
20028,raw\flame2\254p RGB Images\254p RGB Frame (20028).jpg,raw\flame2\254p Thermal Images\254p Thermal Frame (20028).jpg,val
20037,raw\flame2\254p RGB Images\254p RGB Frame (20037).jpg,raw\flame2\254p Thermal Images\254p Thermal Frame (20037).jpg,val
20058,raw\flame2\254p RGB Images\254p RGB Frame (20058).jpg,raw\flame2\254p Thermal Images\254p Thermal Frame (20058).jpg,val
20103,raw\flame2\254p RGB Images\254p RGB Frame (20103).jpg,raw\flame2\254p Thermal Images\254p Thermal Frame (20103).jpg,test
20113,raw\flame2\254p RGB Images\254p RGB Frame (20113).jpg,raw\flame2\254p Thermal Images\254p Thermal Frame (20113).jpg,test
20168,raw\flame2\254p RGB Images\254p RGB Frame (20168).jpg,raw\flame2\254p Thermal Images\254p Thermal Frame (20168).jpg,test
20194,raw\flame2\254p RGB Images\254p RGB Frame (20194).jpg,raw\flame2\254p Thermal Images\254p Thermal Frame (20194).jpg,test
20195,raw\flame2\254p RGB Images\254p RGB Frame (20195).jpg,raw\flame2\254p Thermal Images\254p Thermal Frame (20195).jpg,test
20339,raw\flame2\254p RGB Images\254p RGB Frame (20339).jpg,raw\flame2\254p Thermal Images\254p Thermal Frame (20339).jpg,test
20367,raw\flame2\254p RGB Images\254p RGB Frame (20367).jpg,raw\flame2\254p Thermal Images\254p Thermal Frame (20367).jpg,test
20382,raw\flame2\254p RGB Images\254p RGB Frame (20382).jpg,raw\flame2\254p Thermal Images\254p Thermal Frame (20382).jpg,test
20400,raw\flame2\254p RGB Images\254p RGB Frame (20400).jpg,raw\flame2\254p Thermal Images\254p Thermal Frame (20400).jpg,test
20701,raw\flame2\254p RGB Images\254p RGB Frame (20701).jpg,raw\flame2\254p Thermal Images\254p Thermal Frame (20701).jpg,val
20785,raw\flame2\254p RGB Images\254p RGB Frame (20785).jpg,raw\flame2\254p Thermal Images\254p Thermal Frame (20785).jpg,val
20870,raw\flame2\254p RGB Images\254p RGB Frame (20870).jpg,raw\flame2\254p Thermal Images\254p Thermal Frame (20870).jpg,val
20990,raw\flame2\254p RGB Images\254p RGB Frame (20990).jpg,raw\flame2\254p Thermal Images\254p Thermal Frame (20990).jpg,val
21015,raw\flame2\254p RGB Images\254p RGB Frame (21015).jpg,raw\flame2\254p Thermal Images\254p Thermal Frame (21015).jpg,val
21790,raw\flame2\254p RGB Images\254p RGB Frame (21790).jpg,raw\flame2\254p Thermal Images\254p Thermal Frame (21790).jpg,val
21801,raw\flame2\254p RGB Images\254p RGB Frame (21801).jpg,raw\flame2\254p Thermal Images\254p Thermal Frame (21801).jpg,val
21851,raw\flame2\254p RGB Images\254p RGB Frame (21851).jpg,raw\flame2\254p Thermal Images\254p Thermal Frame (21851).jpg,val
21861,raw\flame2\254p RGB Images\254p RGB Frame (21861).jpg,raw\flame2\254p Thermal Images\254p Thermal Frame (21861).jpg,val
21896,raw\flame2\254p RGB Images\254p RGB Frame (21896).jpg,raw\flame2\254p Thermal Images\254p Thermal Frame (21896).jpg,val
22537,raw\flame2\254p RGB Images\254p RGB Frame (22537).jpg,raw\flame2\254p Thermal Images\254p Thermal Frame (22537).jpg,val
22550,raw\flame2\254p RGB Images\254p RGB Frame (22550).jpg,raw\flame2\254p Thermal Images\254p Thermal Frame (22550).jpg,val
22593,raw\flame2\254p RGB Images\254p RGB Frame (22593).jpg,raw\flame2\254p Thermal Images\254p Thermal Frame (22593).jpg,val
22597,raw\flame2\254p RGB Images\254p RGB Frame (22597).jpg,raw\flame2\254p Thermal Images\254p Thermal Frame (22597).jpg,val
22656,raw\flame2\254p RGB Images\254p RGB Frame (22656).jpg,raw\flame2\254p Thermal Images\254p Thermal Frame (22656).jpg,val
23440,raw\flame2\254p RGB Images\254p RGB Frame (23440).jpg,raw\flame2\254p Thermal Images\254p Thermal Frame (23440).jpg,val
23551,raw\flame2\254p RGB Images\254p RGB Frame (23551).jpg,raw\flame2\254p Thermal Images\254p Thermal Frame (23551).jpg,val
23562,raw\flame2\254p RGB Images\254p RGB Frame (23562).jpg,raw\flame2\254p Thermal Images\254p Thermal Frame (23562).jpg,val
23564,raw\flame2\254p RGB Images\254p RGB Frame (23564).jpg,raw\flame2\254p Thermal Images\254p Thermal Frame (23564).jpg,val
23703,raw\flame2\254p RGB Images\254p RGB Frame (23703).jpg,raw\flame2\254p Thermal Images\254p Thermal Frame (23703).jpg,val
24138,raw\flame2\254p RGB Images\254p RGB Frame (24138).jpg,raw\flame2\254p Thermal Images\254p Thermal Frame (24138).jpg,test
24144,raw\flame2\254p RGB Images\254p RGB Frame (24144).jpg,raw\flame2\254p Thermal Images\254p Thermal Frame (24144).jpg,test
24153,raw\flame2\254p RGB Images\254p RGB Frame (24153).jpg,raw\flame2\254p Thermal Images\254p Thermal Frame (24153).jpg,test
24418,raw\flame2\254p RGB Images\254p RGB Frame (24418).jpg,raw\flame2\254p Thermal Images\254p Thermal Frame (24418).jpg,test
24435,raw\flame2\254p RGB Images\254p RGB Frame (24435).jpg,raw\flame2\254p Thermal Images\254p Thermal Frame (24435).jpg,test
24488,raw\flame2\254p RGB Images\254p RGB Frame (24488).jpg,raw\flame2\254p Thermal Images\254p Thermal Frame (24488).jpg,test
24542,raw\flame2\254p RGB Images\254p RGB Frame (24542).jpg,raw\flame2\254p Thermal Images\254p Thermal Frame (24542).jpg,test
24555,raw\flame2\254p RGB Images\254p RGB Frame (24555).jpg,raw\flame2\254p Thermal Images\254p Thermal Frame (24555).jpg,test
24618,raw\flame2\254p RGB Images\254p RGB Frame (24618).jpg,raw\flame2\254p Thermal Images\254p Thermal Frame (24618).jpg,test
24635,raw\flame2\254p RGB Images\254p RGB Frame (24635).jpg,raw\flame2\254p Thermal Images\254p Thermal Frame (24635).jpg,val
24768,raw\flame2\254p RGB Images\254p RGB Frame (24768).jpg,raw\flame2\254p Thermal Images\254p Thermal Frame (24768).jpg,val
24784,raw\flame2\254p RGB Images\254p RGB Frame (24784).jpg,raw\flame2\254p Thermal Images\254p Thermal Frame (24784).jpg,val
24839,raw\flame2\254p RGB Images\254p RGB Frame (24839).jpg,raw\flame2\254p Thermal Images\254p Thermal Frame (24839).jpg,val
24845,raw\flame2\254p RGB Images\254p RGB Frame (24845).jpg,raw\flame2\254p Thermal Images\254p Thermal Frame (24845).jpg,val
24912,raw\flame2\254p RGB Images\254p RGB Frame (24912).jpg,raw\flame2\254p Thermal Images\254p Thermal Frame (24912).jpg,test
24913,raw\flame2\254p RGB Images\254p RGB Frame (24913).jpg,raw\flame2\254p Thermal Images\254p Thermal Frame (24913).jpg,test
24927,raw\flame2\254p RGB Images\254p RGB Frame (24927).jpg,raw\flame2\254p Thermal Images\254p Thermal Frame (24927).jpg,test
24988,raw\flame2\254p RGB Images\254p RGB Frame (24988).jpg,raw\flame2\254p Thermal Images\254p Thermal Frame (24988).jpg,test
25136,raw\flame2\254p RGB Images\254p RGB Frame (25136).jpg,raw\flame2\254p Thermal Images\254p Thermal Frame (25136).jpg,test
25176,raw\flame2\254p RGB Images\254p RGB Frame (25176).jpg,raw\flame2\254p Thermal Images\254p Thermal Frame (25176).jpg,test
25208,raw\flame2\254p RGB Images\254p RGB Frame (25208).jpg,raw\flame2\254p Thermal Images\254p Thermal Frame (25208).jpg,test
25221,raw\flame2\254p RGB Images\254p RGB Frame (25221).jpg,raw\flame2\254p Thermal Images\254p Thermal Frame (25221).jpg,test
25229,raw\flame2\254p RGB Images\254p RGB Frame (25229).jpg,raw\flame2\254p Thermal Images\254p Thermal Frame (25229).jpg,test
25272,raw\flame2\254p RGB Images\254p RGB Frame (25272).jpg,raw\flame2\254p Thermal Images\254p Thermal Frame (25272).jpg,test
25280,raw\flame2\254p RGB Images\254p RGB Frame (25280).jpg,raw\flame2\254p Thermal Images\254p Thermal Frame (25280).jpg,test
25328,raw\flame2\254p RGB Images\254p RGB Frame (25328).jpg,raw\flame2\254p Thermal Images\254p Thermal Frame (25328).jpg,test
25375,raw\flame2\254p RGB Images\254p RGB Frame (25375).jpg,raw\flame2\254p Thermal Images\254p Thermal Frame (25375).jpg,val
25387,raw\flame2\254p RGB Images\254p RGB Frame (25387).jpg,raw\flame2\254p Thermal Images\254p Thermal Frame (25387).jpg,val
25455,raw\flame2\254p RGB Images\254p RGB Frame (25455).jpg,raw\flame2\254p Thermal Images\254p Thermal Frame (25455).jpg,val
25493,raw\flame2\254p RGB Images\254p RGB Frame (25493).jpg,raw\flame2\254p Thermal Images\254p Thermal Frame (25493).jpg,val
25496,raw\flame2\254p RGB Images\254p RGB Frame (25496).jpg,raw\flame2\254p Thermal Images\254p Thermal Frame (25496).jpg,val
26420,raw\flame2\254p RGB Images\254p RGB Frame (26420).jpg,raw\flame2\254p Thermal Images\254p Thermal Frame (26420).jpg,val
26454,raw\flame2\254p RGB Images\254p RGB Frame (26454).jpg,raw\flame2\254p Thermal Images\254p Thermal Frame (26454).jpg,val
26467,raw\flame2\254p RGB Images\254p RGB Frame (26467).jpg,raw\flame2\254p Thermal Images\254p Thermal Frame (26467).jpg,val
26554,raw\flame2\254p RGB Images\254p RGB Frame (26554).jpg,raw\flame2\254p Thermal Images\254p Thermal Frame (26554).jpg,val
26793,raw\flame2\254p RGB Images\254p RGB Frame (26793).jpg,raw\flame2\254p Thermal Images\254p Thermal Frame (26793).jpg,val
28024,raw\flame2\254p RGB Images\254p RGB Frame (28024).jpg,raw\flame2\254p Thermal Images\254p Thermal Frame (28024).jpg,val
28051,raw\flame2\254p RGB Images\254p RGB Frame (28051).jpg,raw\flame2\254p Thermal Images\254p Thermal Frame (28051).jpg,val
28075,raw\flame2\254p RGB Images\254p RGB Frame (28075).jpg,raw\flame2\254p Thermal Images\254p Thermal Frame (28075).jpg,val
28098,raw\flame2\254p RGB Images\254p RGB Frame (28098).jpg,raw\flame2\254p Thermal Images\254p Thermal Frame (28098).jpg,val
28132,raw\flame2\254p RGB Images\254p RGB Frame (28132).jpg,raw\flame2\254p Thermal Images\254p Thermal Frame (28132).jpg,val
29071,raw\flame2\254p RGB Images\254p RGB Frame (29071).jpg,raw\flame2\254p Thermal Images\254p Thermal Frame (29071).jpg,val
29153,raw\flame2\254p RGB Images\254p RGB Frame (29153).jpg,raw\flame2\254p Thermal Images\254p Thermal Frame (29153).jpg,val
29202,raw\flame2\254p RGB Images\254p RGB Frame (29202).jpg,raw\flame2\254p Thermal Images\254p Thermal Frame (29202).jpg,val
29439,raw\flame2\254p RGB Images\254p RGB Frame (29439).jpg,raw\flame2\254p Thermal Images\254p Thermal Frame (29439).jpg,val
29446,raw\flame2\254p RGB Images\254p RGB Frame (29446).jpg,raw\flame2\254p Thermal Images\254p Thermal Frame (29446).jpg,val
30217,raw\flame2\254p RGB Images\254p RGB Frame (30217).jpg,raw\flame2\254p Thermal Images\254p Thermal Frame (30217).jpg,val
30258,raw\flame2\254p RGB Images\254p RGB Frame (30258).jpg,raw\flame2\254p Thermal Images\254p Thermal Frame (30258).jpg,val
30450,raw\flame2\254p RGB Images\254p RGB Frame (30450).jpg,raw\flame2\254p Thermal Images\254p Thermal Frame (30450).jpg,val
30704,raw\flame2\254p RGB Images\254p RGB Frame (30704).jpg,raw\flame2\254p Thermal Images\254p Thermal Frame (30704).jpg,val
30733,raw\flame2\254p RGB Images\254p RGB Frame (30733).jpg,raw\flame2\254p Thermal Images\254p Thermal Frame (30733).jpg,val
31800,raw\flame2\254p RGB Images\254p RGB Frame (31800).jpg,raw\flame2\254p Thermal Images\254p Thermal Frame (31800).jpg,val
31805,raw\flame2\254p RGB Images\254p RGB Frame (31805).jpg,raw\flame2\254p Thermal Images\254p Thermal Frame (31805).jpg,val
31874,raw\flame2\254p RGB Images\254p RGB Frame (31874).jpg,raw\flame2\254p Thermal Images\254p Thermal Frame (31874).jpg,val
31909,raw\flame2\254p RGB Images\254p RGB Frame (31909).jpg,raw\flame2\254p Thermal Images\254p Thermal Frame (31909).jpg,val
31964,raw\flame2\254p RGB Images\254p RGB Frame (31964).jpg,raw\flame2\254p Thermal Images\254p Thermal Frame (31964).jpg,val
32914,raw\flame2\254p RGB Images\254p RGB Frame (32914).jpg,raw\flame2\254p Thermal Images\254p Thermal Frame (32914).jpg,val
32934,raw\flame2\254p RGB Images\254p RGB Frame (32934).jpg,raw\flame2\254p Thermal Images\254p Thermal Frame (32934).jpg,val
32956,raw\flame2\254p RGB Images\254p RGB Frame (32956).jpg,raw\flame2\254p Thermal Images\254p Thermal Frame (32956).jpg,val
32964,raw\flame2\254p RGB Images\254p RGB Frame (32964).jpg,raw\flame2\254p Thermal Images\254p Thermal Frame (32964).jpg,val
32989,raw\flame2\254p RGB Images\254p RGB Frame (32989).jpg,raw\flame2\254p Thermal Images\254p Thermal Frame (32989).jpg,val
34487,raw\flame2\254p RGB Images\254p RGB Frame (34487).jpg,raw\flame2\254p Thermal Images\254p Thermal Frame (34487).jpg,val
34495,raw\flame2\254p RGB Images\254p RGB Frame (34495).jpg,raw\flame2\254p Thermal Images\254p Thermal Frame (34495).jpg,val
34518,raw\flame2\254p RGB Images\254p RGB Frame (34518).jpg,raw\flame2\254p Thermal Images\254p Thermal Frame (34518).jpg,val
34560,raw\flame2\254p RGB Images\254p RGB Frame (34560).jpg,raw\flame2\254p Thermal Images\254p Thermal Frame (34560).jpg,val
34576,raw\flame2\254p RGB Images\254p RGB Frame (34576).jpg,raw\flame2\254p Thermal Images\254p Thermal Frame (34576).jpg,val
35482,raw\flame2\254p RGB Images\254p RGB Frame (35482).jpg,raw\flame2\254p Thermal Images\254p Thermal Frame (35482).jpg,val
35513,raw\flame2\254p RGB Images\254p RGB Frame (35513).jpg,raw\flame2\254p Thermal Images\254p Thermal Frame (35513).jpg,val
35594,raw\flame2\254p RGB Images\254p RGB Frame (35594).jpg,raw\flame2\254p Thermal Images\254p Thermal Frame (35594).jpg,val
35688,raw\flame2\254p RGB Images\254p RGB Frame (35688).jpg,raw\flame2\254p Thermal Images\254p Thermal Frame (35688).jpg,val
35751,raw\flame2\254p RGB Images\254p RGB Frame (35751).jpg,raw\flame2\254p Thermal Images\254p Thermal Frame (35751).jpg,val
36677,raw\flame2\254p RGB Images\254p RGB Frame (36677).jpg,raw\flame2\254p Thermal Images\254p Thermal Frame (36677).jpg,val
36748,raw\flame2\254p RGB Images\254p RGB Frame (36748).jpg,raw\flame2\254p Thermal Images\254p Thermal Frame (36748).jpg,val
36769,raw\flame2\254p RGB Images\254p RGB Frame (36769).jpg,raw\flame2\254p Thermal Images\254p Thermal Frame (36769).jpg,val
36949,raw\flame2\254p RGB Images\254p RGB Frame (36949).jpg,raw\flame2\254p Thermal Images\254p Thermal Frame (36949).jpg,val
36963,raw\flame2\254p RGB Images\254p RGB Frame (36963).jpg,raw\flame2\254p Thermal Images\254p Thermal Frame (36963).jpg,val
37740,raw\flame2\254p RGB Images\254p RGB Frame (37740).jpg,raw\flame2\254p Thermal Images\254p Thermal Frame (37740).jpg,val
37768,raw\flame2\254p RGB Images\254p RGB Frame (37768).jpg,raw\flame2\254p Thermal Images\254p Thermal Frame (37768).jpg,val
37773,raw\flame2\254p RGB Images\254p RGB Frame (37773).jpg,raw\flame2\254p Thermal Images\254p Thermal Frame (37773).jpg,val
37813,raw\flame2\254p RGB Images\254p RGB Frame (37813).jpg,raw\flame2\254p Thermal Images\254p Thermal Frame (37813).jpg,val
37916,raw\flame2\254p RGB Images\254p RGB Frame (37916).jpg,raw\flame2\254p Thermal Images\254p Thermal Frame (37916).jpg,val
39112,raw\flame2\254p RGB Images\254p RGB Frame (39112).jpg,raw\flame2\254p Thermal Images\254p Thermal Frame (39112).jpg,val
39114,raw\flame2\254p RGB Images\254p RGB Frame (39114).jpg,raw\flame2\254p Thermal Images\254p Thermal Frame (39114).jpg,val
39135,raw\flame2\254p RGB Images\254p RGB Frame (39135).jpg,raw\flame2\254p Thermal Images\254p Thermal Frame (39135).jpg,val
39174,raw\flame2\254p RGB Images\254p RGB Frame (39174).jpg,raw\flame2\254p Thermal Images\254p Thermal Frame (39174).jpg,val
39277,raw\flame2\254p RGB Images\254p RGB Frame (39277).jpg,raw\flame2\254p Thermal Images\254p Thermal Frame (39277).jpg,val
40315,raw\flame2\254p RGB Images\254p RGB Frame (40315).jpg,raw\flame2\254p Thermal Images\254p Thermal Frame (40315).jpg,val
40339,raw\flame2\254p RGB Images\254p RGB Frame (40339).jpg,raw\flame2\254p Thermal Images\254p Thermal Frame (40339).jpg,val
40346,raw\flame2\254p RGB Images\254p RGB Frame (40346).jpg,raw\flame2\254p Thermal Images\254p Thermal Frame (40346).jpg,val
40349,raw\flame2\254p RGB Images\254p RGB Frame (40349).jpg,raw\flame2\254p Thermal Images\254p Thermal Frame (40349).jpg,val
40374,raw\flame2\254p RGB Images\254p RGB Frame (40374).jpg,raw\flame2\254p Thermal Images\254p Thermal Frame (40374).jpg,val
41305,raw\flame2\254p RGB Images\254p RGB Frame (41305).jpg,raw\flame2\254p Thermal Images\254p Thermal Frame (41305).jpg,val
41393,raw\flame2\254p RGB Images\254p RGB Frame (41393).jpg,raw\flame2\254p Thermal Images\254p Thermal Frame (41393).jpg,val
41412,raw\flame2\254p RGB Images\254p RGB Frame (41412).jpg,raw\flame2\254p Thermal Images\254p Thermal Frame (41412).jpg,val
41465,raw\flame2\254p RGB Images\254p RGB Frame (41465).jpg,raw\flame2\254p Thermal Images\254p Thermal Frame (41465).jpg,val
41476,raw\flame2\254p RGB Images\254p RGB Frame (41476).jpg,raw\flame2\254p Thermal Images\254p Thermal Frame (41476).jpg,val
41962,raw\flame2\254p RGB Images\254p RGB Frame (41962).jpg,raw\flame2\254p Thermal Images\254p Thermal Frame (41962).jpg,val
41970,raw\flame2\254p RGB Images\254p RGB Frame (41970).jpg,raw\flame2\254p Thermal Images\254p Thermal Frame (41970).jpg,val
41990,raw\flame2\254p RGB Images\254p RGB Frame (41990).jpg,raw\flame2\254p Thermal Images\254p Thermal Frame (41990).jpg,val
42000,raw\flame2\254p RGB Images\254p RGB Frame (42000).jpg,raw\flame2\254p Thermal Images\254p Thermal Frame (42000).jpg,val
42038,raw\flame2\254p RGB Images\254p RGB Frame (42038).jpg,raw\flame2\254p Thermal Images\254p Thermal Frame (42038).jpg,val
42886,raw\flame2\254p RGB Images\254p RGB Frame (42886).jpg,raw\flame2\254p Thermal Images\254p Thermal Frame (42886).jpg,val
42898,raw\flame2\254p RGB Images\254p RGB Frame (42898).jpg,raw\flame2\254p Thermal Images\254p Thermal Frame (42898).jpg,val
42920,raw\flame2\254p RGB Images\254p RGB Frame (42920).jpg,raw\flame2\254p Thermal Images\254p Thermal Frame (42920).jpg,val
43025,raw\flame2\254p RGB Images\254p RGB Frame (43025).jpg,raw\flame2\254p Thermal Images\254p Thermal Frame (43025).jpg,val
43125,raw\flame2\254p RGB Images\254p RGB Frame (43125).jpg,raw\flame2\254p Thermal Images\254p Thermal Frame (43125).jpg,val
44056,raw\flame2\254p RGB Images\254p RGB Frame (44056).jpg,raw\flame2\254p Thermal Images\254p Thermal Frame (44056).jpg,val
44063,raw\flame2\254p RGB Images\254p RGB Frame (44063).jpg,raw\flame2\254p Thermal Images\254p Thermal Frame (44063).jpg,val
44080,raw\flame2\254p RGB Images\254p RGB Frame (44080).jpg,raw\flame2\254p Thermal Images\254p Thermal Frame (44080).jpg,val
44082,raw\flame2\254p RGB Images\254p RGB Frame (44082).jpg,raw\flame2\254p Thermal Images\254p Thermal Frame (44082).jpg,val
44155,raw\flame2\254p RGB Images\254p RGB Frame (44155).jpg,raw\flame2\254p Thermal Images\254p Thermal Frame (44155).jpg,val
44738,raw\flame2\254p RGB Images\254p RGB Frame (44738).jpg,raw\flame2\254p Thermal Images\254p Thermal Frame (44738).jpg,val
44783,raw\flame2\254p RGB Images\254p RGB Frame (44783).jpg,raw\flame2\254p Thermal Images\254p Thermal Frame (44783).jpg,val
44786,raw\flame2\254p RGB Images\254p RGB Frame (44786).jpg,raw\flame2\254p Thermal Images\254p Thermal Frame (44786).jpg,val
44801,raw\flame2\254p RGB Images\254p RGB Frame (44801).jpg,raw\flame2\254p Thermal Images\254p Thermal Frame (44801).jpg,val
44825,raw\flame2\254p RGB Images\254p RGB Frame (44825).jpg,raw\flame2\254p Thermal Images\254p Thermal Frame (44825).jpg,val
45771,raw\flame2\254p RGB Images\254p RGB Frame (45771).jpg,raw\flame2\254p Thermal Images\254p Thermal Frame (45771).jpg,val
45802,raw\flame2\254p RGB Images\254p RGB Frame (45802).jpg,raw\flame2\254p Thermal Images\254p Thermal Frame (45802).jpg,val
46026,raw\flame2\254p RGB Images\254p RGB Frame (46026).jpg,raw\flame2\254p Thermal Images\254p Thermal Frame (46026).jpg,val
46031,raw\flame2\254p RGB Images\254p RGB Frame (46031).jpg,raw\flame2\254p Thermal Images\254p Thermal Frame (46031).jpg,val
46048,raw\flame2\254p RGB Images\254p RGB Frame (46048).jpg,raw\flame2\254p Thermal Images\254p Thermal Frame (46048).jpg,val
46538,raw\flame2\254p RGB Images\254p RGB Frame (46538).jpg,raw\flame2\254p Thermal Images\254p Thermal Frame (46538).jpg,test
46606,raw\flame2\254p RGB Images\254p RGB Frame (46606).jpg,raw\flame2\254p Thermal Images\254p Thermal Frame (46606).jpg,test
46623,raw\flame2\254p RGB Images\254p RGB Frame (46623).jpg,raw\flame2\254p Thermal Images\254p Thermal Frame (46623).jpg,test
46691,raw\flame2\254p RGB Images\254p RGB Frame (46691).jpg,raw\flame2\254p Thermal Images\254p Thermal Frame (46691).jpg,test
46776,raw\flame2\254p RGB Images\254p RGB Frame (46776).jpg,raw\flame2\254p Thermal Images\254p Thermal Frame (46776).jpg,test
46787,raw\flame2\254p RGB Images\254p RGB Frame (46787).jpg,raw\flame2\254p Thermal Images\254p Thermal Frame (46787).jpg,val
46806,raw\flame2\254p RGB Images\254p RGB Frame (46806).jpg,raw\flame2\254p Thermal Images\254p Thermal Frame (46806).jpg,val
46830,raw\flame2\254p RGB Images\254p RGB Frame (46830).jpg,raw\flame2\254p Thermal Images\254p Thermal Frame (46830).jpg,val
46889,raw\flame2\254p RGB Images\254p RGB Frame (46889).jpg,raw\flame2\254p Thermal Images\254p Thermal Frame (46889).jpg,val
46917,raw\flame2\254p RGB Images\254p RGB Frame (46917).jpg,raw\flame2\254p Thermal Images\254p Thermal Frame (46917).jpg,val
46937,raw\flame2\254p RGB Images\254p RGB Frame (46937).jpg,raw\flame2\254p Thermal Images\254p Thermal Frame (46937).jpg,test
46956,raw\flame2\254p RGB Images\254p RGB Frame (46956).jpg,raw\flame2\254p Thermal Images\254p Thermal Frame (46956).jpg,test
46967,raw\flame2\254p RGB Images\254p RGB Frame (46967).jpg,raw\flame2\254p Thermal Images\254p Thermal Frame (46967).jpg,test
47028,raw\flame2\254p RGB Images\254p RGB Frame (47028).jpg,raw\flame2\254p Thermal Images\254p Thermal Frame (47028).jpg,test
47076,raw\flame2\254p RGB Images\254p RGB Frame (47076).jpg,raw\flame2\254p Thermal Images\254p Thermal Frame (47076).jpg,test
47221,raw\flame2\254p RGB Images\254p RGB Frame (47221).jpg,raw\flame2\254p Thermal Images\254p Thermal Frame (47221).jpg,test
47243,raw\flame2\254p RGB Images\254p RGB Frame (47243).jpg,raw\flame2\254p Thermal Images\254p Thermal Frame (47243).jpg,test
47249,raw\flame2\254p RGB Images\254p RGB Frame (47249).jpg,raw\flame2\254p Thermal Images\254p Thermal Frame (47249).jpg,test
47267,raw\flame2\254p RGB Images\254p RGB Frame (47267).jpg,raw\flame2\254p Thermal Images\254p Thermal Frame (47267).jpg,test
47383,raw\flame2\254p RGB Images\254p RGB Frame (47383).jpg,raw\flame2\254p Thermal Images\254p Thermal Frame (47383).jpg,test
47394,raw\flame2\254p RGB Images\254p RGB Frame (47394).jpg,raw\flame2\254p Thermal Images\254p Thermal Frame (47394).jpg,test
47490,raw\flame2\254p RGB Images\254p RGB Frame (47490).jpg,raw\flame2\254p Thermal Images\254p Thermal Frame (47490).jpg,test
47566,raw\flame2\254p RGB Images\254p RGB Frame (47566).jpg,raw\flame2\254p Thermal Images\254p Thermal Frame (47566).jpg,test
47581,raw\flame2\254p RGB Images\254p RGB Frame (47581).jpg,raw\flame2\254p Thermal Images\254p Thermal Frame (47581).jpg,test
47598,raw\flame2\254p RGB Images\254p RGB Frame (47598).jpg,raw\flame2\254p Thermal Images\254p Thermal Frame (47598).jpg,test
47621,raw\flame2\254p RGB Images\254p RGB Frame (47621).jpg,raw\flame2\254p Thermal Images\254p Thermal Frame (47621).jpg,val
47643,raw\flame2\254p RGB Images\254p RGB Frame (47643).jpg,raw\flame2\254p Thermal Images\254p Thermal Frame (47643).jpg,val
47647,raw\flame2\254p RGB Images\254p RGB Frame (47647).jpg,raw\flame2\254p Thermal Images\254p Thermal Frame (47647).jpg,val
47700,raw\flame2\254p RGB Images\254p RGB Frame (47700).jpg,raw\flame2\254p Thermal Images\254p Thermal Frame (47700).jpg,val
47771,raw\flame2\254p RGB Images\254p RGB Frame (47771).jpg,raw\flame2\254p Thermal Images\254p Thermal Frame (47771).jpg,val
47777,raw\flame2\254p RGB Images\254p RGB Frame (47777).jpg,raw\flame2\254p Thermal Images\254p Thermal Frame (47777).jpg,test
47850,raw\flame2\254p RGB Images\254p RGB Frame (47850).jpg,raw\flame2\254p Thermal Images\254p Thermal Frame (47850).jpg,test
47890,raw\flame2\254p RGB Images\254p RGB Frame (47890).jpg,raw\flame2\254p Thermal Images\254p Thermal Frame (47890).jpg,test
47932,raw\flame2\254p RGB Images\254p RGB Frame (47932).jpg,raw\flame2\254p Thermal Images\254p Thermal Frame (47932).jpg,test
48021,raw\flame2\254p RGB Images\254p RGB Frame (48021).jpg,raw\flame2\254p Thermal Images\254p Thermal Frame (48021).jpg,test
48050,raw\flame2\254p RGB Images\254p RGB Frame (48050).jpg,raw\flame2\254p Thermal Images\254p Thermal Frame (48050).jpg,test
48102,raw\flame2\254p RGB Images\254p RGB Frame (48102).jpg,raw\flame2\254p Thermal Images\254p Thermal Frame (48102).jpg,test
48182,raw\flame2\254p RGB Images\254p RGB Frame (48182).jpg,raw\flame2\254p Thermal Images\254p Thermal Frame (48182).jpg,test
48229,raw\flame2\254p RGB Images\254p RGB Frame (48229).jpg,raw\flame2\254p Thermal Images\254p Thermal Frame (48229).jpg,test
48262,raw\flame2\254p RGB Images\254p RGB Frame (48262).jpg,raw\flame2\254p Thermal Images\254p Thermal Frame (48262).jpg,test
48358,raw\flame2\254p RGB Images\254p RGB Frame (48358).jpg,raw\flame2\254p Thermal Images\254p Thermal Frame (48358).jpg,test
48376,raw\flame2\254p RGB Images\254p RGB Frame (48376).jpg,raw\flame2\254p Thermal Images\254p Thermal Frame (48376).jpg,test
48462,raw\flame2\254p RGB Images\254p RGB Frame (48462).jpg,raw\flame2\254p Thermal Images\254p Thermal Frame (48462).jpg,test
48576,raw\flame2\254p RGB Images\254p RGB Frame (48576).jpg,raw\flame2\254p Thermal Images\254p Thermal Frame (48576).jpg,test
48597,raw\flame2\254p RGB Images\254p RGB Frame (48597).jpg,raw\flame2\254p Thermal Images\254p Thermal Frame (48597).jpg,test
48683,raw\flame2\254p RGB Images\254p RGB Frame (48683).jpg,raw\flame2\254p Thermal Images\254p Thermal Frame (48683).jpg,test
48759,raw\flame2\254p RGB Images\254p RGB Frame (48759).jpg,raw\flame2\254p Thermal Images\254p Thermal Frame (48759).jpg,val
48796,raw\flame2\254p RGB Images\254p RGB Frame (48796).jpg,raw\flame2\254p Thermal Images\254p Thermal Frame (48796).jpg,val
48841,raw\flame2\254p RGB Images\254p RGB Frame (48841).jpg,raw\flame2\254p Thermal Images\254p Thermal Frame (48841).jpg,val
48861,raw\flame2\254p RGB Images\254p RGB Frame (48861).jpg,raw\flame2\254p Thermal Images\254p Thermal Frame (48861).jpg,val
49016,raw\flame2\254p RGB Images\254p RGB Frame (49016).jpg,raw\flame2\254p Thermal Images\254p Thermal Frame (49016).jpg,val
49053,raw\flame2\254p RGB Images\254p RGB Frame (49053).jpg,raw\flame2\254p Thermal Images\254p Thermal Frame (49053).jpg,test
49154,raw\flame2\254p RGB Images\254p RGB Frame (49154).jpg,raw\flame2\254p Thermal Images\254p Thermal Frame (49154).jpg,test
49316,raw\flame2\254p RGB Images\254p RGB Frame (49316).jpg,raw\flame2\254p Thermal Images\254p Thermal Frame (49316).jpg,test
49324,raw\flame2\254p RGB Images\254p RGB Frame (49324).jpg,raw\flame2\254p Thermal Images\254p Thermal Frame (49324).jpg,test
49344,raw\flame2\254p RGB Images\254p RGB Frame (49344).jpg,raw\flame2\254p Thermal Images\254p Thermal Frame (49344).jpg,test
49351,raw\flame2\254p RGB Images\254p RGB Frame (49351).jpg,raw\flame2\254p Thermal Images\254p Thermal Frame (49351).jpg,test
49373,raw\flame2\254p RGB Images\254p RGB Frame (49373).jpg,raw\flame2\254p Thermal Images\254p Thermal Frame (49373).jpg,test
49393,raw\flame2\254p RGB Images\254p RGB Frame (49393).jpg,raw\flame2\254p Thermal Images\254p Thermal Frame (49393).jpg,test
49434,raw\flame2\254p RGB Images\254p RGB Frame (49434).jpg,raw\flame2\254p Thermal Images\254p Thermal Frame (49434).jpg,test
49456,raw\flame2\254p RGB Images\254p RGB Frame (49456).jpg,raw\flame2\254p Thermal Images\254p Thermal Frame (49456).jpg,test
49581,raw\flame2\254p RGB Images\254p RGB Frame (49581).jpg,raw\flame2\254p Thermal Images\254p Thermal Frame (49581).jpg,test
49613,raw\flame2\254p RGB Images\254p RGB Frame (49613).jpg,raw\flame2\254p Thermal Images\254p Thermal Frame (49613).jpg,test
49673,raw\flame2\254p RGB Images\254p RGB Frame (49673).jpg,raw\flame2\254p Thermal Images\254p Thermal Frame (49673).jpg,test
49731,raw\flame2\254p RGB Images\254p RGB Frame (49731).jpg,raw\flame2\254p Thermal Images\254p Thermal Frame (49731).jpg,test
49766,raw\flame2\254p RGB Images\254p RGB Frame (49766).jpg,raw\flame2\254p Thermal Images\254p Thermal Frame (49766).jpg,test
49872,raw\flame2\254p RGB Images\254p RGB Frame (49872).jpg,raw\flame2\254p Thermal Images\254p Thermal Frame (49872).jpg,test
49917,raw\flame2\254p RGB Images\254p RGB Frame (49917).jpg,raw\flame2\254p Thermal Images\254p Thermal Frame (49917).jpg,val
49962,raw\flame2\254p RGB Images\254p RGB Frame (49962).jpg,raw\flame2\254p Thermal Images\254p Thermal Frame (49962).jpg,val
50011,raw\flame2\254p RGB Images\254p RGB Frame (50011).jpg,raw\flame2\254p Thermal Images\254p Thermal Frame (50011).jpg,val
50057,raw\flame2\254p RGB Images\254p RGB Frame (50057).jpg,raw\flame2\254p Thermal Images\254p Thermal Frame (50057).jpg,val
50181,raw\flame2\254p RGB Images\254p RGB Frame (50181).jpg,raw\flame2\254p Thermal Images\254p Thermal Frame (50181).jpg,val
50185,raw\flame2\254p RGB Images\254p RGB Frame (50185).jpg,raw\flame2\254p Thermal Images\254p Thermal Frame (50185).jpg,test
50271,raw\flame2\254p RGB Images\254p RGB Frame (50271).jpg,raw\flame2\254p Thermal Images\254p Thermal Frame (50271).jpg,test
50274,raw\flame2\254p RGB Images\254p RGB Frame (50274).jpg,raw\flame2\254p Thermal Images\254p Thermal Frame (50274).jpg,test
50396,raw\flame2\254p RGB Images\254p RGB Frame (50396).jpg,raw\flame2\254p Thermal Images\254p Thermal Frame (50396).jpg,test
50410,raw\flame2\254p RGB Images\254p RGB Frame (50410).jpg,raw\flame2\254p Thermal Images\254p Thermal Frame (50410).jpg,test
50427,raw\flame2\254p RGB Images\254p RGB Frame (50427).jpg,raw\flame2\254p Thermal Images\254p Thermal Frame (50427).jpg,test
50473,raw\flame2\254p RGB Images\254p RGB Frame (50473).jpg,raw\flame2\254p Thermal Images\254p Thermal Frame (50473).jpg,test
50484,raw\flame2\254p RGB Images\254p RGB Frame (50484).jpg,raw\flame2\254p Thermal Images\254p Thermal Frame (50484).jpg,test
50554,raw\flame2\254p RGB Images\254p RGB Frame (50554).jpg,raw\flame2\254p Thermal Images\254p Thermal Frame (50554).jpg,test
50657,raw\flame2\254p RGB Images\254p RGB Frame (50657).jpg,raw\flame2\254p Thermal Images\254p Thermal Frame (50657).jpg,test
50671,raw\flame2\254p RGB Images\254p RGB Frame (50671).jpg,raw\flame2\254p Thermal Images\254p Thermal Frame (50671).jpg,test
50672,raw\flame2\254p RGB Images\254p RGB Frame (50672).jpg,raw\flame2\254p Thermal Images\254p Thermal Frame (50672).jpg,test
50803,raw\flame2\254p RGB Images\254p RGB Frame (50803).jpg,raw\flame2\254p Thermal Images\254p Thermal Frame (50803).jpg,test
50816,raw\flame2\254p RGB Images\254p RGB Frame (50816).jpg,raw\flame2\254p Thermal Images\254p Thermal Frame (50816).jpg,test
50865,raw\flame2\254p RGB Images\254p RGB Frame (50865).jpg,raw\flame2\254p Thermal Images\254p Thermal Frame (50865).jpg,test
50904,raw\flame2\254p RGB Images\254p RGB Frame (50904).jpg,raw\flame2\254p Thermal Images\254p Thermal Frame (50904).jpg,val
51140,raw\flame2\254p RGB Images\254p RGB Frame (51140).jpg,raw\flame2\254p Thermal Images\254p Thermal Frame (51140).jpg,val
51168,raw\flame2\254p RGB Images\254p RGB Frame (51168).jpg,raw\flame2\254p Thermal Images\254p Thermal Frame (51168).jpg,val
51231,raw\flame2\254p RGB Images\254p RGB Frame (51231).jpg,raw\flame2\254p Thermal Images\254p Thermal Frame (51231).jpg,val
51255,raw\flame2\254p RGB Images\254p RGB Frame (51255).jpg,raw\flame2\254p Thermal Images\254p Thermal Frame (51255).jpg,val
51279,raw\flame2\254p RGB Images\254p RGB Frame (51279).jpg,raw\flame2\254p Thermal Images\254p Thermal Frame (51279).jpg,test
51321,raw\flame2\254p RGB Images\254p RGB Frame (51321).jpg,raw\flame2\254p Thermal Images\254p Thermal Frame (51321).jpg,test
51381,raw\flame2\254p RGB Images\254p RGB Frame (51381).jpg,raw\flame2\254p Thermal Images\254p Thermal Frame (51381).jpg,test
51536,raw\flame2\254p RGB Images\254p RGB Frame (51536).jpg,raw\flame2\254p Thermal Images\254p Thermal Frame (51536).jpg,test
51546,raw\flame2\254p RGB Images\254p RGB Frame (51546).jpg,raw\flame2\254p Thermal Images\254p Thermal Frame (51546).jpg,test
51578,raw\flame2\254p RGB Images\254p RGB Frame (51578).jpg,raw\flame2\254p Thermal Images\254p Thermal Frame (51578).jpg,test
51611,raw\flame2\254p RGB Images\254p RGB Frame (51611).jpg,raw\flame2\254p Thermal Images\254p Thermal Frame (51611).jpg,test
51639,raw\flame2\254p RGB Images\254p RGB Frame (51639).jpg,raw\flame2\254p Thermal Images\254p Thermal Frame (51639).jpg,test
51762,raw\flame2\254p RGB Images\254p RGB Frame (51762).jpg,raw\flame2\254p Thermal Images\254p Thermal Frame (51762).jpg,test
51866,raw\flame2\254p RGB Images\254p RGB Frame (51866).jpg,raw\flame2\254p Thermal Images\254p Thermal Frame (51866).jpg,test
51903,raw\flame2\254p RGB Images\254p RGB Frame (51903).jpg,raw\flame2\254p Thermal Images\254p Thermal Frame (51903).jpg,test
51942,raw\flame2\254p RGB Images\254p RGB Frame (51942).jpg,raw\flame2\254p Thermal Images\254p Thermal Frame (51942).jpg,test
51948,raw\flame2\254p RGB Images\254p RGB Frame (51948).jpg,raw\flame2\254p Thermal Images\254p Thermal Frame (51948).jpg,test
51950,raw\flame2\254p RGB Images\254p RGB Frame (51950).jpg,raw\flame2\254p Thermal Images\254p Thermal Frame (51950).jpg,test
51993,raw\flame2\254p RGB Images\254p RGB Frame (51993).jpg,raw\flame2\254p Thermal Images\254p Thermal Frame (51993).jpg,test
52031,raw\flame2\254p RGB Images\254p RGB Frame (52031).jpg,raw\flame2\254p Thermal Images\254p Thermal Frame (52031).jpg,test
52046,raw\flame2\254p RGB Images\254p RGB Frame (52046).jpg,raw\flame2\254p Thermal Images\254p Thermal Frame (52046).jpg,val
52053,raw\flame2\254p RGB Images\254p RGB Frame (52053).jpg,raw\flame2\254p Thermal Images\254p Thermal Frame (52053).jpg,val
52090,raw\flame2\254p RGB Images\254p RGB Frame (52090).jpg,raw\flame2\254p Thermal Images\254p Thermal Frame (52090).jpg,val
52162,raw\flame2\254p RGB Images\254p RGB Frame (52162).jpg,raw\flame2\254p Thermal Images\254p Thermal Frame (52162).jpg,val
52200,raw\flame2\254p RGB Images\254p RGB Frame (52200).jpg,raw\flame2\254p Thermal Images\254p Thermal Frame (52200).jpg,val
52259,raw\flame2\254p RGB Images\254p RGB Frame (52259).jpg,raw\flame2\254p Thermal Images\254p Thermal Frame (52259).jpg,test
52373,raw\flame2\254p RGB Images\254p RGB Frame (52373).jpg,raw\flame2\254p Thermal Images\254p Thermal Frame (52373).jpg,test
52502,raw\flame2\254p RGB Images\254p RGB Frame (52502).jpg,raw\flame2\254p Thermal Images\254p Thermal Frame (52502).jpg,test
52558,raw\flame2\254p RGB Images\254p RGB Frame (52558).jpg,raw\flame2\254p Thermal Images\254p Thermal Frame (52558).jpg,test
52811,raw\flame2\254p RGB Images\254p RGB Frame (52811).jpg,raw\flame2\254p Thermal Images\254p Thermal Frame (52811).jpg,test
52812,raw\flame2\254p RGB Images\254p RGB Frame (52812).jpg,raw\flame2\254p Thermal Images\254p Thermal Frame (52812).jpg,test
52855,raw\flame2\254p RGB Images\254p RGB Frame (52855).jpg,raw\flame2\254p Thermal Images\254p Thermal Frame (52855).jpg,test
52914,raw\flame2\254p RGB Images\254p RGB Frame (52914).jpg,raw\flame2\254p Thermal Images\254p Thermal Frame (52914).jpg,test
53024,raw\flame2\254p RGB Images\254p RGB Frame (53024).jpg,raw\flame2\254p Thermal Images\254p Thermal Frame (53024).jpg,test
53046,raw\flame2\254p RGB Images\254p RGB Frame (53046).jpg,raw\flame2\254p Thermal Images\254p Thermal Frame (53046).jpg,test
53137,raw\flame2\254p RGB Images\254p RGB Frame (53137).jpg,raw\flame2\254p Thermal Images\254p Thermal Frame (53137).jpg,test
53148,raw\flame2\254p RGB Images\254p RGB Frame (53148).jpg,raw\flame2\254p Thermal Images\254p Thermal Frame (53148).jpg,test
53164,raw\flame2\254p RGB Images\254p RGB Frame (53164).jpg,raw\flame2\254p Thermal Images\254p Thermal Frame (53164).jpg,test
53262,raw\flame2\254p RGB Images\254p RGB Frame (53262).jpg,raw\flame2\254p Thermal Images\254p Thermal Frame (53262).jpg,test
53364,raw\flame2\254p RGB Images\254p RGB Frame (53364).jpg,raw\flame2\254p Thermal Images\254p Thermal Frame (53364).jpg,test
53385,raw\flame2\254p RGB Images\254p RGB Frame (53385).jpg,raw\flame2\254p Thermal Images\254p Thermal Frame (53385).jpg,test
