id,frame_index,modality,path,split
rffnet_train_rgb_4267,4267,rgb,raw\rffnet\data\FLAME2\images\img_rgb_(4267).png,train
rffnet_train_ir_4267,4267,ir,raw\rffnet\data\FLAME2\images\img_ir_(4267).png,train
rffnet_train_rgb_4281,4281,rgb,raw\rffnet\data\FLAME2\images\img_rgb_(4281).png,train
rffnet_train_ir_4281,4281,ir,raw\rffnet\data\FLAME2\images\img_ir_(4281).png,train
rffnet_train_rgb_4297,4297,rgb,raw\rffnet\data\FLAME2\images\img_rgb_(4297).png,train
rffnet_train_ir_4297,4297,ir,raw\rffnet\data\FLAME2\images\img_ir_(4297).png,train
rffnet_train_rgb_4350,4350,rgb,raw\rffnet\data\FLAME2\images\img_rgb_(4350).png,train
rffnet_train_ir_4350,4350,ir,raw\rffnet\data\FLAME2\images\img_ir_(4350).png,train
rffnet_train_rgb_4402,4402,rgb,raw\rffnet\data\FLAME2\images\img_rgb_(4402).png,train
rffnet_train_ir_4402,4402,ir,raw\rffnet\data\FLAME2\images\img_ir_(4402).png,train
rffnet_train_rgb_4421,4421,rgb,raw\rffnet\data\FLAME2\images\img_rgb_(4421).png,train
rffnet_train_ir_4421,4421,ir,raw\rffnet\data\FLAME2\images\img_ir_(4421).png,train
rffnet_train_rgb_4432,4432,rgb,raw\rffnet\data\FLAME2\images\img_rgb_(4432).png,train
rffnet_train_ir_4432,4432,ir,raw\rffnet\data\FLAME2\images\img_ir_(4432).png,train
rffnet_train_rgb_4767,4767,rgb,raw\rffnet\data\FLAME2\images\img_rgb_(4767).png,train
rffnet_train_ir_4767,4767,ir,raw\rffnet\data\FLAME2\images\img_ir_(4767).png,train
rffnet_train_rgb_4800,4800,rgb,raw\rffnet\data\FLAME2\images\img_rgb_(4800).png,train
rffnet_train_ir_4800,4800,ir,raw\rffnet\data\FLAME2\images\img_ir_(4800).png,train
rffnet_train_rgb_4846,4846,rgb,raw\rffnet\data\FLAME2\images\img_rgb_(4846).png,train
rffnet_train_ir_4846,4846,ir,raw\rffnet\data\FLAME2\images\img_ir_(4846).png,train
rffnet_train_rgb_4897,4897,rgb,raw\rffnet\data\FLAME2\images\img_rgb_(4897).png,train
rffnet_train_ir_4897,4897,ir,raw\rffnet\data\FLAME2\images\img_ir_(4897).png,train
rffnet_train_rgb_4947,4947,rgb,raw\rffnet\data\FLAME2\images\img_rgb_(4947).png,train
rffnet_train_ir_4947,4947,ir,raw\rffnet\data\FLAME2\images\img_ir_(4947).png,train
rffnet_train_rgb_5269,5269,rgb,raw\rffnet\data\FLAME2\images\img_rgb_(5269).png,train
rffnet_train_ir_5269,5269,ir,raw\rffnet\data\FLAME2\images\img_ir_(5269).png,train
rffnet_train_rgb_5271,5271,rgb,raw\rffnet\data\FLAME2\images\img_rgb_(5271).png,train
rffnet_train_ir_5271,5271,ir,raw\rffnet\data\FLAME2\images\img_ir_(5271).png,train
rffnet_train_rgb_5375,5375,rgb,raw\rffnet\data\FLAME2\images\img_rgb_(5375).png,train
rffnet_train_ir_5375,5375,ir,raw\rffnet\data\FLAME2\images\img_ir_(5375).png,train
rffnet_train_rgb_5426,5426,rgb,raw\rffnet\data\FLAME2\images\img_rgb_(5426).png,train
rffnet_train_ir_5426,5426,ir,raw\rffnet\data\FLAME2\images\img_ir_(5426).png,train
rffnet_train_rgb_5496,5496,rgb,raw\rffnet\data\FLAME2\images\img_rgb_(5496).png,train
rffnet_train_ir_5496,5496,ir,raw\rffnet\data\FLAME2\images\img_ir_(5496).png,train
rffnet_train_rgb_5761,5761,rgb,raw\rffnet\data\FLAME2\images\img_rgb_(5761).png,train
rffnet_train_ir_5761,5761,ir,raw\rffnet\data\FLAME2\images\img_ir_(5761).png,train
rffnet_train_rgb_5785,5785,rgb,raw\rffnet\data\FLAME2\images\img_rgb_(5785).png,train
rffnet_train_ir_5785,5785,ir,raw\rffnet\data\FLAME2\images\img_ir_(5785).png,train
rffnet_train_rgb_5834,5834,rgb,raw\rffnet\data\FLAME2\images\img_rgb_(5834).png,train
rffnet_train_ir_5834,5834,ir,raw\rffnet\data\FLAME2\images\img_ir_(5834).png,train
rffnet_train_rgb_5854,5854,rgb,raw\rffnet\data\FLAME2\images\img_rgb_(5854).png,train
rffnet_train_ir_5854,5854,ir,raw\rffnet\data\FLAME2\images\img_ir_(5854).png,train
rffnet_train_rgb_5951,5951,rgb,raw\rffnet\data\FLAME2\images\img_rgb_(5951).png,train
rffnet_train_ir_5951,5951,ir,raw\rffnet\data\FLAME2\images\img_ir_(5951).png,train
rffnet_train_rgb_5998,5998,rgb,raw\rffnet\data\FLAME2\images\img_rgb_(5998).png,train
rffnet_train_ir_5998,5998,ir,raw\rffnet\data\FLAME2\images\img_ir_(5998).png,train
rffnet_train_rgb_6014,6014,rgb,raw\rffnet\data\FLAME2\images\img_rgb_(6014).png,train
rffnet_train_ir_6014,6014,ir,raw\rffnet\data\FLAME2\images\img_ir_(6014).png,train
rffnet_train_rgb_6025,6025,rgb,raw\rffnet\data\FLAME2\images\img_rgb_(6025).png,train
rffnet_train_ir_6025,6025,ir,raw\rffnet\data\FLAME2\images\img_ir_(6025).png,train
rffnet_train_rgb_6084,6084,rgb,raw\rffnet\data\FLAME2\images\img_rgb_(6084).png,train
rffnet_train_ir_6084,6084,ir,raw\rffnet\data\FLAME2\images\img_ir_(6084).png,train
rffnet_train_rgb_6090,6090,rgb,raw\rffnet\data\FLAME2\images\img_rgb_(6090).png,train
rffnet_train_ir_6090,6090,ir,raw\rffnet\data\FLAME2\images\img_ir_(6090).png,train
rffnet_train_rgb_6133,6133,rgb,raw\rffnet\data\FLAME2\images\img_rgb_(6133).png,train
rffnet_train_ir_6133,6133,ir,raw\rffnet\data\FLAME2\images\img_ir_(6133).png,train
rffnet_train_rgb_6401,6401,rgb,raw\rffnet\data\FLAME2\images\img_rgb_(6401).png,train
rffnet_train_ir_6401,6401,ir,raw\rffnet\data\FLAME2\images\img_ir_(6401).png,train
rffnet_train_rgb_6414,6414,rgb,raw\rffnet\data\FLAME2\images\img_rgb_(6414).png,train
rffnet_train_ir_6414,6414,ir,raw\rffnet\data\FLAME2\images\img_ir_(6414).png,train
rffnet_train_rgb_6527,6527,rgb,raw\rffnet\data\FLAME2\images\img_rgb_(6527).png,train
rffnet_train_ir_6527,6527,ir,raw\rffnet\data\FLAME2\images\img_ir_(6527).png,train
rffnet_train_rgb_6599,6599,rgb,raw\rffnet\data\FLAME2\images\img_rgb_(6599).png,train
rffnet_train_ir_6599,6599,ir,raw\rffnet\data\FLAME2\images\img_ir_(6599).png,train
rffnet_train_rgb_6620,6620,rgb,raw\rffnet\data\FLAME2\images\img_rgb_(6620).png,train
rffnet_train_ir_6620,6620,ir,raw\rffnet\data\FLAME2\images\img_ir_(6620).png,train
rffnet_train_rgb_6674,6674,rgb,raw\rffnet\data\FLAME2\images\img_rgb_(6674).png,train
rffnet_train_ir_6674,6674,ir,raw\rffnet\data\FLAME2\images\img_ir_(6674).png,train
rffnet_train_rgb_6687,6687,rgb,raw\rffnet\data\FLAME2\images\img_rgb_(6687).png,train
rffnet_train_ir_6687,6687,ir,raw\rffnet\data\FLAME2\images\img_ir_(6687).png,train
rffnet_train_rgb_6694,6694,rgb,raw\rffnet\data\FLAME2\images\img_rgb_(6694).png,train
rffnet_train_ir_6694,6694,ir,raw\rffnet\data\FLAME2\images\img_ir_(6694).png,train
rffnet_train_rgb_6789,6789,rgb,raw\rffnet\data\FLAME2\images\img_rgb_(6789).png,train
rffnet_train_ir_6789,6789,ir,raw\rffnet\data\FLAME2\images\img_ir_(6789).png,train
rffnet_train_rgb_6871,6871,rgb,raw\rffnet\data\FLAME2\images\img_rgb_(6871).png,train
rffnet_train_ir_6871,6871,ir,raw\rffnet\data\FLAME2\images\img_ir_(6871).png,train
rffnet_train_rgb_6914,6914,rgb,raw\rffnet\data\FLAME2\images\img_rgb_(6914).png,train
rffnet_train_ir_6914,6914,ir,raw\rffnet\data\FLAME2\images\img_ir_(6914).png,train
rffnet_train_rgb_6943,6943,rgb,raw\rffnet\data\FLAME2\images\img_rgb_(6943).png,train
rffnet_train_ir_6943,6943,ir,raw\rffnet\data\FLAME2\images\img_ir_(6943).png,train
rffnet_train_rgb_7005,7005,rgb,raw\rffnet\data\FLAME2\images\img_rgb_(7005).png,train
rffnet_train_ir_7005,7005,ir,raw\rffnet\data\FLAME2\images\img_ir_(7005).png,train
rffnet_train_rgb_7064,7064,rgb,raw\rffnet\data\FLAME2\images\img_rgb_(7064).png,train
rffnet_train_ir_7064,7064,ir,raw\rffnet\data\FLAME2\images\img_ir_(7064).png,train
rffnet_train_rgb_7066,7066,rgb,raw\rffnet\data\FLAME2\images\img_rgb_(7066).png,train
rffnet_train_ir_7066,7066,ir,raw\rffnet\data\FLAME2\images\img_ir_(7066).png,train
rffnet_train_rgb_7078,7078,rgb,raw\rffnet\data\FLAME2\images\img_rgb_(7078).png,train
rffnet_train_ir_7078,7078,ir,raw\rffnet\data\FLAME2\images\img_ir_(7078).png,train
rffnet_train_rgb_7280,7280,rgb,raw\rffnet\data\FLAME2\images\img_rgb_(7280).png,train
rffnet_train_ir_7280,7280,ir,raw\rffnet\data\FLAME2\images\img_ir_(7280).png,train
rffnet_train_rgb_7493,7493,rgb,raw\rffnet\data\FLAME2\images\img_rgb_(7493).png,train
rffnet_train_ir_7493,7493,ir,raw\rffnet\data\FLAME2\images\img_ir_(7493).png,train
rffnet_train_rgb_7521,7521,rgb,raw\rffnet\data\FLAME2\images\img_rgb_(7521).png,train
rffnet_train_ir_7521,7521,ir,raw\rffnet\data\FLAME2\images\img_ir_(7521).png,train
rffnet_train_rgb_7606,7606,rgb,raw\rffnet\data\FLAME2\images\img_rgb_(7606).png,train
rffnet_train_ir_7606,7606,ir,raw\rffnet\data\FLAME2\images\img_ir_(7606).png,train
rffnet_train_rgb_7620,7620,rgb,raw\rffnet\data\FLAME2\images\img_rgb_(7620).png,train
rffnet_train_ir_7620,7620,ir,raw\rffnet\data\FLAME2\images\img_ir_(7620).png,train
rffnet_train_rgb_7628,7628,rgb,raw\rffnet\data\FLAME2\images\img_rgb_(7628).png,train
rffnet_train_ir_7628,7628,ir,raw\rffnet\data\FLAME2\images\img_ir_(7628).png,train
rffnet_train_rgb_7660,7660,rgb,raw\rffnet\data\FLAME2\images\img_rgb_(7660).png,train
rffnet_train_ir_7660,7660,ir,raw\rffnet\data\FLAME2\images\img_ir_(7660).png,train
rffnet_train_rgb_7729,7729,rgb,raw\rffnet\data\FLAME2\images\img_rgb_(7729).png,train
rffnet_train_ir_7729,7729,ir,raw\rffnet\data\FLAME2\images\img_ir_(7729).png,train
rffnet_train_rgb_7801,7801,rgb,raw\rffnet\data\FLAME2\images\img_rgb_(7801).png,train
rffnet_train_ir_7801,7801,ir,raw\rffnet\data\FLAME2\images\img_ir_(7801).png,train
rffnet_train_rgb_7957,7957,rgb,raw\rffnet\data\FLAME2\images\img_rgb_(7957).png,train
rffnet_train_ir_7957,7957,ir,raw\rffnet\data\FLAME2\images\img_ir_(7957).png,train
rffnet_train_rgb_7960,7960,rgb,raw\rffnet\data\FLAME2\images\img_rgb_(7960).png,train
rffnet_train_ir_7960,7960,ir,raw\rffnet\data\FLAME2\images\img_ir_(7960).png,train
rffnet_train_rgb_8042,8042,rgb,raw\rffnet\data\FLAME2\images\img_rgb_(8042).png,train
rffnet_train_ir_8042,8042,ir,raw\rffnet\data\FLAME2\images\img_ir_(8042).png,train
rffnet_train_rgb_8108,8108,rgb,raw\rffnet\data\FLAME2\images\img_rgb_(8108).png,train
rffnet_train_ir_8108,8108,ir,raw\rffnet\data\FLAME2\images\img_ir_(8108).png,train
rffnet_train_rgb_8144,8144,rgb,raw\rffnet\data\FLAME2\images\img_rgb_(8144).png,train
rffnet_train_ir_8144,8144,ir,raw\rffnet\data\FLAME2\images\img_ir_(8144).png,train
rffnet_train_rgb_8317,8317,rgb,raw\rffnet\data\FLAME2\images\img_rgb_(8317).png,train
rffnet_train_ir_8317,8317,ir,raw\rffnet\data\FLAME2\images\img_ir_(8317).png,train
rffnet_train_rgb_8664,8664,rgb,raw\rffnet\data\FLAME2\images\img_rgb_(8664).png,train
rffnet_train_ir_8664,8664,ir,raw\rffnet\data\FLAME2\images\img_ir_(8664).png,train
rffnet_train_rgb_8678,8678,rgb,raw\rffnet\data\FLAME2\images\img_rgb_(8678).png,train
rffnet_train_ir_8678,8678,ir,raw\rffnet\data\FLAME2\images\img_ir_(8678).png,train
rffnet_train_rgb_8732,8732,rgb,raw\rffnet\data\FLAME2\images\img_rgb_(8732).png,train
rffnet_train_ir_8732,8732,ir,raw\rffnet\data\FLAME2\images\img_ir_(8732).png,train
rffnet_train_rgb_8933,8933,rgb,raw\rffnet\data\FLAME2\images\img_rgb_(8933).png,train
rffnet_train_ir_8933,8933,ir,raw\rffnet\data\FLAME2\images\img_ir_(8933).png,train
rffnet_train_rgb_8960,8960,rgb,raw\rffnet\data\FLAME2\images\img_rgb_(8960).png,train
rffnet_train_ir_8960,8960,ir,raw\rffnet\data\FLAME2\images\img_ir_(8960).png,train
rffnet_train_rgb_8972,8972,rgb,raw\rffnet\data\FLAME2\images\img_rgb_(8972).png,train
rffnet_train_ir_8972,8972,ir,raw\rffnet\data\FLAME2\images\img_ir_(8972).png,train
rffnet_train_rgb_8980,8980,rgb,raw\rffnet\data\FLAME2\images\img_rgb_(8980).png,train
rffnet_train_ir_8980,8980,ir,raw\rffnet\data\FLAME2\images\img_ir_(8980).png,train
rffnet_train_rgb_9001,9001,rgb,raw\rffnet\data\FLAME2\images\img_rgb_(9001).png,train
rffnet_train_ir_9001,9001,ir,raw\rffnet\data\FLAME2\images\img_ir_(9001).png,train
rffnet_train_rgb_9020,9020,rgb,raw\rffnet\data\FLAME2\images\img_rgb_(9020).png,train
rffnet_train_ir_9020,9020,ir,raw\rffnet\data\FLAME2\images\img_ir_(9020).png,train
rffnet_train_rgb_9066,9066,rgb,raw\rffnet\data\FLAME2\images\img_rgb_(9066).png,train
rffnet_train_ir_9066,9066,ir,raw\rffnet\data\FLAME2\images\img_ir_(9066).png,train
rffnet_train_rgb_9153,9153,rgb,raw\rffnet\data\FLAME2\images\img_rgb_(9153).png,train
rffnet_train_ir_9153,9153,ir,raw\rffnet\data\FLAME2\images\img_ir_(9153).png,train
rffnet_train_rgb_9229,9229,rgb,raw\rffnet\data\FLAME2\images\img_rgb_(9229).png,train
rffnet_train_ir_9229,9229,ir,raw\rffnet\data\FLAME2\images\img_ir_(9229).png,train
rffnet_train_rgb_9233,9233,rgb,raw\rffnet\data\FLAME2\images\img_rgb_(9233).png,train
rffnet_train_ir_9233,9233,ir,raw\rffnet\data\FLAME2\images\img_ir_(9233).png,train
rffnet_train_rgb_9336,9336,rgb,raw\rffnet\data\FLAME2\images\img_rgb_(9336).png,train
rffnet_train_ir_9336,9336,ir,raw\rffnet\data\FLAME2\images\img_ir_(9336).png,train
rffnet_train_rgb_9384,9384,rgb,raw\rffnet\data\FLAME2\images\img_rgb_(9384).png,train
rffnet_train_ir_9384,9384,ir,raw\rffnet\data\FLAME2\images\img_ir_(9384).png,train
rffnet_train_rgb_9549,9549,rgb,raw\rffnet\data\FLAME2\images\img_rgb_(9549).png,train
rffnet_train_ir_9549,9549,ir,raw\rffnet\data\FLAME2\images\img_ir_(9549).png,train
rffnet_train_rgb_9861,9861,rgb,raw\rffnet\data\FLAME2\images\img_rgb_(9861).png,train
rffnet_train_ir_9861,9861,ir,raw\rffnet\data\FLAME2\images\img_ir_(9861).png,train
rffnet_train_rgb_9903,9903,rgb,raw\rffnet\data\FLAME2\images\img_rgb_(9903).png,train
rffnet_train_ir_9903,9903,ir,raw\rffnet\data\FLAME2\images\img_ir_(9903).png,train
rffnet_train_rgb_9940,9940,rgb,raw\rffnet\data\FLAME2\images\img_rgb_(9940).png,train
rffnet_train_ir_9940,9940,ir,raw\rffnet\data\FLAME2\images\img_ir_(9940).png,train
rffnet_train_rgb_10138,10138,rgb,raw\rffnet\data\FLAME2\images\img_rgb_(10138).png,train
rffnet_train_ir_10138,10138,ir,raw\rffnet\data\FLAME2\images\img_ir_(10138).png,train
rffnet_train_rgb_10141,10141,rgb,raw\rffnet\data\FLAME2\images\img_rgb_(10141).png,train
rffnet_train_ir_10141,10141,ir,raw\rffnet\data\FLAME2\images\img_ir_(10141).png,train
rffnet_train_rgb_10230,10230,rgb,raw\rffnet\data\FLAME2\images\img_rgb_(10230).png,train
rffnet_train_ir_10230,10230,ir,raw\rffnet\data\FLAME2\images\img_ir_(10230).png,train
rffnet_train_rgb_10236,10236,rgb,raw\rffnet\data\FLAME2\images\img_rgb_(10236).png,train
rffnet_train_ir_10236,10236,ir,raw\rffnet\data\FLAME2\images\img_ir_(10236).png,train
rffnet_train_rgb_10273,10273,rgb,raw\rffnet\data\FLAME2\images\img_rgb_(10273).png,train
rffnet_train_ir_10273,10273,ir,raw\rffnet\data\FLAME2\images\img_ir_(10273).png,train
rffnet_train_rgb_10341,10341,rgb,raw\rffnet\data\FLAME2\images\img_rgb_(10341).png,train
rffnet_train_ir_10341,10341,ir,raw\rffnet\data\FLAME2\images\img_ir_(10341).png,train
rffnet_train_rgb_10417,10417,rgb,raw\rffnet\data\FLAME2\images\img_rgb_(10417).png,train
rffnet_train_ir_10417,10417,ir,raw\rffnet\data\FLAME2\images\img_ir_(10417).png,train
rffnet_train_rgb_10445,10445,rgb,raw\rffnet\data\FLAME2\images\img_rgb_(10445).png,train
rffnet_train_ir_10445,10445,ir,raw\rffnet\data\FLAME2\images\img_ir_(10445).png,train
rffnet_train_rgb_10614,10614,rgb,raw\rffnet\data\FLAME2\images\img_rgb_(10614).png,train
rffnet_train_ir_10614,10614,ir,raw\rffnet\data\FLAME2\images\img_ir_(10614).png,train
rffnet_train_rgb_10679,10679,rgb,raw\rffnet\data\FLAME2\images\img_rgb_(10679).png,train
rffnet_train_ir_10679,10679,ir,raw\rffnet\data\FLAME2\images\img_ir_(10679).png,train
rffnet_train_rgb_10692,10692,rgb,raw\rffnet\data\FLAME2\images\img_rgb_(10692).png,train
rffnet_train_ir_10692,10692,ir,raw\rffnet\data\FLAME2\images\img_ir_(10692).png,train
rffnet_train_rgb_10694,10694,rgb,raw\rffnet\data\FLAME2\images\img_rgb_(10694).png,train
rffnet_train_ir_10694,10694,ir,raw\rffnet\data\FLAME2\images\img_ir_(10694).png,train
rffnet_train_rgb_10698,10698,rgb,raw\rffnet\data\FLAME2\images\img_rgb_(10698).png,train
rffnet_train_ir_10698,10698,ir,raw\rffnet\data\FLAME2\images\img_ir_(10698).png,train
rffnet_train_rgb_10923,10923,rgb,raw\rffnet\data\FLAME2\images\img_rgb_(10923).png,train
rffnet_train_ir_10923,10923,ir,raw\rffnet\data\FLAME2\images\img_ir_(10923).png,train
rffnet_train_rgb_10977,10977,rgb,raw\rffnet\data\FLAME2\images\img_rgb_(10977).png,train
rffnet_train_ir_10977,10977,ir,raw\rffnet\data\FLAME2\images\img_ir_(10977).png,train
rffnet_train_rgb_10996,10996,rgb,raw\rffnet\data\FLAME2\images\img_rgb_(10996).png,train
rffnet_train_ir_10996,10996,ir,raw\rffnet\data\FLAME2\images\img_ir_(10996).png,train
rffnet_train_rgb_11001,11001,rgb,raw\rffnet\data\FLAME2\images\img_rgb_(11001).png,train
rffnet_train_ir_11001,11001,ir,raw\rffnet\data\FLAME2\images\img_ir_(11001).png,train
rffnet_train_rgb_11009,11009,rgb,raw\rffnet\data\FLAME2\images\img_rgb_(11009).png,train
rffnet_train_ir_11009,11009,ir,raw\rffnet\data\FLAME2\images\img_ir_(11009).png,train
rffnet_train_rgb_11017,11017,rgb,raw\rffnet\data\FLAME2\images\img_rgb_(11017).png,train
rffnet_train_ir_11017,11017,ir,raw\rffnet\data\FLAME2\images\img_ir_(11017).png,train
rffnet_train_rgb_11099,11099,rgb,raw\rffnet\data\FLAME2\images\img_rgb_(11099).png,train
rffnet_train_ir_11099,11099,ir,raw\rffnet\data\FLAME2\images\img_ir_(11099).png,train
rffnet_train_rgb_11132,11132,rgb,raw\rffnet\data\FLAME2\images\img_rgb_(11132).png,train
rffnet_train_ir_11132,11132,ir,raw\rffnet\data\FLAME2\images\img_ir_(11132).png,train
rffnet_train_rgb_11196,11196,rgb,raw\rffnet\data\FLAME2\images\img_rgb_(11196).png,train
rffnet_train_ir_11196,11196,ir,raw\rffnet\data\FLAME2\images\img_ir_(11196).png,train
rffnet_train_rgb_11216,11216,rgb,raw\rffnet\data\FLAME2\images\img_rgb_(11216).png,train
rffnet_train_ir_11216,11216,ir,raw\rffnet\data\FLAME2\images\img_ir_(11216).png,train
rffnet_train_rgb_11438,11438,rgb,raw\rffnet\data\FLAME2\images\img_rgb_(11438).png,train
rffnet_train_ir_11438,11438,ir,raw\rffnet\data\FLAME2\images\img_ir_(11438).png,train
rffnet_train_rgb_11454,11454,rgb,raw\rffnet\data\FLAME2\images\img_rgb_(11454).png,train
rffnet_train_ir_11454,11454,ir,raw\rffnet\data\FLAME2\images\img_ir_(11454).png,train
rffnet_train_rgb_11485,11485,rgb,raw\rffnet\data\FLAME2\images\img_rgb_(11485).png,train
rffnet_train_ir_11485,11485,ir,raw\rffnet\data\FLAME2\images\img_ir_(11485).png,train
rffnet_train_rgb_11579,11579,rgb,raw\rffnet\data\FLAME2\images\img_rgb_(11579).png,train
rffnet_train_ir_11579,11579,ir,raw\rffnet\data\FLAME2\images\img_ir_(11579).png,train
rffnet_train_rgb_11706,11706,rgb,raw\rffnet\data\FLAME2\images\img_rgb_(11706).png,train
rffnet_train_ir_11706,11706,ir,raw\rffnet\data\FLAME2\images\img_ir_(11706).png,train
rffnet_train_rgb_12350,12350,rgb,raw\rffnet\data\FLAME2\images\img_rgb_(12350).png,train
rffnet_train_ir_12350,12350,ir,raw\rffnet\data\FLAME2\images\img_ir_(12350).png,train
rffnet_train_rgb_12356,12356,rgb,raw\rffnet\data\FLAME2\images\img_rgb_(12356).png,train
rffnet_train_ir_12356,12356,ir,raw\rffnet\data\FLAME2\images\img_ir_(12356).png,train
rffnet_train_rgb_12428,12428,rgb,raw\rffnet\data\FLAME2\images\img_rgb_(12428).png,train
rffnet_train_ir_12428,12428,ir,raw\rffnet\data\FLAME2\images\img_ir_(12428).png,train
rffnet_train_rgb_12437,12437,rgb,raw\rffnet\data\FLAME2\images\img_rgb_(12437).png,train
rffnet_train_ir_12437,12437,ir,raw\rffnet\data\FLAME2\images\img_ir_(12437).png,train
rffnet_train_rgb_12441,12441,rgb,raw\rffnet\data\FLAME2\images\img_rgb_(12441).png,train
rffnet_train_ir_12441,12441,ir,raw\rffnet\data\FLAME2\images\img_ir_(12441).png,train
rffnet_train_rgb_12486,12486,rgb,raw\rffnet\data\FLAME2\images\img_rgb_(12486).png,train
rffnet_train_ir_12486,12486,ir,raw\rffnet\data\FLAME2\images\img_ir_(12486).png,train
rffnet_train_rgb_12505,12505,rgb,raw\rffnet\data\FLAME2\images\img_rgb_(12505).png,train
rffnet_train_ir_12505,12505,ir,raw\rffnet\data\FLAME2\images\img_ir_(12505).png,train
rffnet_train_rgb_12716,12716,rgb,raw\rffnet\data\FLAME2\images\img_rgb_(12716).png,train
rffnet_train_ir_12716,12716,ir,raw\rffnet\data\FLAME2\images\img_ir_(12716).png,train
rffnet_train_rgb_12738,12738,rgb,raw\rffnet\data\FLAME2\images\img_rgb_(12738).png,train
rffnet_train_ir_12738,12738,ir,raw\rffnet\data\FLAME2\images\img_ir_(12738).png,train
rffnet_train_rgb_12746,12746,rgb,raw\rffnet\data\FLAME2\images\img_rgb_(12746).png,train
rffnet_train_ir_12746,12746,ir,raw\rffnet\data\FLAME2\images\img_ir_(12746).png,train
rffnet_train_rgb_12820,12820,rgb,raw\rffnet\data\FLAME2\images\img_rgb_(12820).png,train
rffnet_train_ir_12820,12820,ir,raw\rffnet\data\FLAME2\images\img_ir_(12820).png,train
rffnet_train_rgb_12826,12826,rgb,raw\rffnet\data\FLAME2\images\img_rgb_(12826).png,train
rffnet_train_ir_12826,12826,ir,raw\rffnet\data\FLAME2\images\img_ir_(12826).png,train
rffnet_train_rgb_12874,12874,rgb,raw\rffnet\data\FLAME2\images\img_rgb_(12874).png,train
rffnet_train_ir_12874,12874,ir,raw\rffnet\data\FLAME2\images\img_ir_(12874).png,train
rffnet_train_rgb_12908,12908,rgb,raw\rffnet\data\FLAME2\images\img_rgb_(12908).png,train
rffnet_train_ir_12908,12908,ir,raw\rffnet\data\FLAME2\images\img_ir_(12908).png,train
rffnet_train_rgb_12954,12954,rgb,raw\rffnet\data\FLAME2\images\img_rgb_(12954).png,train
rffnet_train_ir_12954,12954,ir,raw\rffnet\data\FLAME2\images\img_ir_(12954).png,train
rffnet_train_rgb_13027,13027,rgb,raw\rffnet\data\FLAME2\images\img_rgb_(13027).png,train
rffnet_train_ir_13027,13027,ir,raw\rffnet\data\FLAME2\images\img_ir_(13027).png,train
rffnet_train_rgb_13328,13328,rgb,raw\rffnet\data\FLAME2\images\img_rgb_(13328).png,train
rffnet_train_ir_13328,13328,ir,raw\rffnet\data\FLAME2\images\img_ir_(13328).png,train
rffnet_train_rgb_13346,13346,rgb,raw\rffnet\data\FLAME2\images\img_rgb_(13346).png,train
rffnet_train_ir_13346,13346,ir,raw\rffnet\data\FLAME2\images\img_ir_(13346).png,train
rffnet_train_rgb_13377,13377,rgb,raw\rffnet\data\FLAME2\images\img_rgb_(13377).png,train
rffnet_train_ir_13377,13377,ir,raw\rffnet\data\FLAME2\images\img_ir_(13377).png,train
rffnet_train_rgb_13641,13641,rgb,raw\rffnet\data\FLAME2\images\img_rgb_(13641).png,train
rffnet_train_ir_13641,13641,ir,raw\rffnet\data\FLAME2\images\img_ir_(13641).png,train
rffnet_train_rgb_13644,13644,rgb,raw\rffnet\data\FLAME2\images\img_rgb_(13644).png,train
rffnet_train_ir_13644,13644,ir,raw\rffnet\data\FLAME2\images\img_ir_(13644).png,train
rffnet_train_rgb_13707,13707,rgb,raw\rffnet\data\FLAME2\images\img_rgb_(13707).png,train
rffnet_train_ir_13707,13707,ir,raw\rffnet\data\FLAME2\images\img_ir_(13707).png,train
rffnet_train_rgb_13801,13801,rgb,raw\rffnet\data\FLAME2\images\img_rgb_(13801).png,train
rffnet_train_ir_13801,13801,ir,raw\rffnet\data\FLAME2\images\img_ir_(13801).png,train
rffnet_train_rgb_13846,13846,rgb,raw\rffnet\data\FLAME2\images\img_rgb_(13846).png,train
rffnet_train_ir_13846,13846,ir,raw\rffnet\data\FLAME2\images\img_ir_(13846).png,train
rffnet_train_rgb_13868,13868,rgb,raw\rffnet\data\FLAME2\images\img_rgb_(13868).png,train
rffnet_train_ir_13868,13868,ir,raw\rffnet\data\FLAME2\images\img_ir_(13868).png,train
rffnet_train_rgb_13947,13947,rgb,raw\rffnet\data\FLAME2\images\img_rgb_(13947).png,train
rffnet_train_ir_13947,13947,ir,raw\rffnet\data\FLAME2\images\img_ir_(13947).png,train
rffnet_train_rgb_14012,14012,rgb,raw\rffnet\data\FLAME2\images\img_rgb_(14012).png,train
rffnet_train_ir_14012,14012,ir,raw\rffnet\data\FLAME2\images\img_ir_(14012).png,train
rffnet_train_rgb_14022,14022,rgb,raw\rffnet\data\FLAME2\images\img_rgb_(14022).png,train
rffnet_train_ir_14022,14022,ir,raw\rffnet\data\FLAME2\images\img_ir_(14022).png,train
rffnet_train_rgb_14025,14025,rgb,raw\rffnet\data\FLAME2\images\img_rgb_(14025).png,train
rffnet_train_ir_14025,14025,ir,raw\rffnet\data\FLAME2\images\img_ir_(14025).png,train
rffnet_train_rgb_14180,14180,rgb,raw\rffnet\data\FLAME2\images\img_rgb_(14180).png,train
rffnet_train_ir_14180,14180,ir,raw\rffnet\data\FLAME2\images\img_ir_(14180).png,train
rffnet_train_rgb_14196,14196,rgb,raw\rffnet\data\FLAME2\images\img_rgb_(14196).png,train
rffnet_train_ir_14196,14196,ir,raw\rffnet\data\FLAME2\images\img_ir_(14196).png,train
rffnet_train_rgb_14268,14268,rgb,raw\rffnet\data\FLAME2\images\img_rgb_(14268).png,train
rffnet_train_ir_14268,14268,ir,raw\rffnet\data\FLAME2\images\img_ir_(14268).png,train
rffnet_train_rgb_14439,14439,rgb,raw\rffnet\data\FLAME2\images\img_rgb_(14439).png,train
rffnet_train_ir_14439,14439,ir,raw\rffnet\data\FLAME2\images\img_ir_(14439).png,train
rffnet_train_rgb_14462,14462,rgb,raw\rffnet\data\FLAME2\images\img_rgb_(14462).png,train
rffnet_train_ir_14462,14462,ir,raw\rffnet\data\FLAME2\images\img_ir_(14462).png,train
rffnet_train_rgb_14464,14464,rgb,raw\rffnet\data\FLAME2\images\img_rgb_(14464).png,train
rffnet_train_ir_14464,14464,ir,raw\rffnet\data\FLAME2\images\img_ir_(14464).png,train
rffnet_train_rgb_14537,14537,rgb,raw\rffnet\data\FLAME2\images\img_rgb_(14537).png,train
rffnet_train_ir_14537,14537,ir,raw\rffnet\data\FLAME2\images\img_ir_(14537).png,train
rffnet_train_rgb_14671,14671,rgb,raw\rffnet\data\FLAME2\images\img_rgb_(14671).png,train
rffnet_train_ir_14671,14671,ir,raw\rffnet\data\FLAME2\images\img_ir_(14671).png,train
rffnet_train_rgb_14866,14866,rgb,raw\rffnet\data\FLAME2\images\img_rgb_(14866).png,train
rffnet_train_ir_14866,14866,ir,raw\rffnet\data\FLAME2\images\img_ir_(14866).png,train
rffnet_train_rgb_14873,14873,rgb,raw\rffnet\data\FLAME2\images\img_rgb_(14873).png,train
rffnet_train_ir_14873,14873,ir,raw\rffnet\data\FLAME2\images\img_ir_(14873).png,train
rffnet_train_rgb_14946,14946,rgb,raw\rffnet\data\FLAME2\images\img_rgb_(14946).png,train
rffnet_train_ir_14946,14946,ir,raw\rffnet\data\FLAME2\images\img_ir_(14946).png,train
rffnet_train_rgb_14987,14987,rgb,raw\rffnet\data\FLAME2\images\img_rgb_(14987).png,train
rffnet_train_ir_14987,14987,ir,raw\rffnet\data\FLAME2\images\img_ir_(14987).png,train
rffnet_train_rgb_14990,14990,rgb,raw\rffnet\data\FLAME2\images\img_rgb_(14990).png,train
rffnet_train_ir_14990,14990,ir,raw\rffnet\data\FLAME2\images\img_ir_(14990).png,train
rffnet_train_rgb_15114,15114,rgb,raw\rffnet\data\FLAME2\images\img_rgb_(15114).png,train
rffnet_train_ir_15114,15114,ir,raw\rffnet\data\FLAME2\images\img_ir_(15114).png,train
rffnet_train_rgb_15125,15125,rgb,raw\rffnet\data\FLAME2\images\img_rgb_(15125).png,train
rffnet_train_ir_15125,15125,ir,raw\rffnet\data\FLAME2\images\img_ir_(15125).png,train
rffnet_train_rgb_15169,15169,rgb,raw\rffnet\data\FLAME2\images\img_rgb_(15169).png,train
rffnet_train_ir_15169,15169,ir,raw\rffnet\data\FLAME2\images\img_ir_(15169).png,train
rffnet_train_rgb_15178,15178,rgb,raw\rffnet\data\FLAME2\images\img_rgb_(15178).png,train
rffnet_train_ir_15178,15178,ir,raw\rffnet\data\FLAME2\images\img_ir_(15178).png,train
rffnet_train_rgb_15179,15179,rgb,raw\rffnet\data\FLAME2\images\img_rgb_(15179).png,train
rffnet_train_ir_15179,15179,ir,raw\rffnet\data\FLAME2\images\img_ir_(15179).png,train
rffnet_train_rgb_15405,15405,rgb,raw\rffnet\data\FLAME2\images\img_rgb_(15405).png,train
rffnet_train_ir_15405,15405,ir,raw\rffnet\data\FLAME2\images\img_ir_(15405).png,train
rffnet_train_rgb_15461,15461,rgb,raw\rffnet\data\FLAME2\images\img_rgb_(15461).png,train
rffnet_train_ir_15461,15461,ir,raw\rffnet\data\FLAME2\images\img_ir_(15461).png,train
rffnet_train_rgb_15702,15702,rgb,raw\rffnet\data\FLAME2\images\img_rgb_(15702).png,train
rffnet_train_ir_15702,15702,ir,raw\rffnet\data\FLAME2\images\img_ir_(15702).png,train
rffnet_train_rgb_15726,15726,rgb,raw\rffnet\data\FLAME2\images\img_rgb_(15726).png,train
rffnet_train_ir_15726,15726,ir,raw\rffnet\data\FLAME2\images\img_ir_(15726).png,train
rffnet_train_rgb_15768,15768,rgb,raw\rffnet\data\FLAME2\images\img_rgb_(15768).png,train
rffnet_train_ir_15768,15768,ir,raw\rffnet\data\FLAME2\images\img_ir_(15768).png,train
rffnet_train_rgb_15802,15802,rgb,raw\rffnet\data\FLAME2\images\img_rgb_(15802).png,train
rffnet_train_ir_15802,15802,ir,raw\rffnet\data\FLAME2\images\img_ir_(15802).png,train
rffnet_train_rgb_15887,15887,rgb,raw\rffnet\data\FLAME2\images\img_rgb_(15887).png,train
rffnet_train_ir_15887,15887,ir,raw\rffnet\data\FLAME2\images\img_ir_(15887).png,train
rffnet_train_rgb_15984,15984,rgb,raw\rffnet\data\FLAME2\images\img_rgb_(15984).png,train
rffnet_train_ir_15984,15984,ir,raw\rffnet\data\FLAME2\images\img_ir_(15984).png,train
rffnet_train_rgb_16091,16091,rgb,raw\rffnet\data\FLAME2\images\img_rgb_(16091).png,train
rffnet_train_ir_16091,16091,ir,raw\rffnet\data\FLAME2\images\img_ir_(16091).png,train
rffnet_train_rgb_16157,16157,rgb,raw\rffnet\data\FLAME2\images\img_rgb_(16157).png,train
rffnet_train_ir_16157,16157,ir,raw\rffnet\data\FLAME2\images\img_ir_(16157).png,train
rffnet_train_rgb_16206,16206,rgb,raw\rffnet\data\FLAME2\images\img_rgb_(16206).png,train
rffnet_train_ir_16206,16206,ir,raw\rffnet\data\FLAME2\images\img_ir_(16206).png,train
rffnet_train_rgb_16233,16233,rgb,raw\rffnet\data\FLAME2\images\img_rgb_(16233).png,train
rffnet_train_ir_16233,16233,ir,raw\rffnet\data\FLAME2\images\img_ir_(16233).png,train
rffnet_train_rgb_16271,16271,rgb,raw\rffnet\data\FLAME2\images\img_rgb_(16271).png,train
rffnet_train_ir_16271,16271,ir,raw\rffnet\data\FLAME2\images\img_ir_(16271).png,train
rffnet_train_rgb_16273,16273,rgb,raw\rffnet\data\FLAME2\images\img_rgb_(16273).png,train
rffnet_train_ir_16273,16273,ir,raw\rffnet\data\FLAME2\images\img_ir_(16273).png,train
rffnet_train_rgb_16275,16275,rgb,raw\rffnet\data\FLAME2\images\img_rgb_(16275).png,train
rffnet_train_ir_16275,16275,ir,raw\rffnet\data\FLAME2\images\img_ir_(16275).png,train
rffnet_train_rgb_16379,16379,rgb,raw\rffnet\data\FLAME2\images\img_rgb_(16379).png,train
rffnet_train_ir_16379,16379,ir,raw\rffnet\data\FLAME2\images\img_ir_(16379).png,train
rffnet_train_rgb_16605,16605,rgb,raw\rffnet\data\FLAME2\images\img_rgb_(16605).png,train
rffnet_train_ir_16605,16605,ir,raw\rffnet\data\FLAME2\images\img_ir_(16605).png,train
rffnet_train_rgb_16624,16624,rgb,raw\rffnet\data\FLAME2\images\img_rgb_(16624).png,train
rffnet_train_ir_16624,16624,ir,raw\rffnet\data\FLAME2\images\img_ir_(16624).png,train
rffnet_train_rgb_16659,16659,rgb,raw\rffnet\data\FLAME2\images\img_rgb_(16659).png,train
rffnet_train_ir_16659,16659,ir,raw\rffnet\data\FLAME2\images\img_ir_(16659).png,train
rffnet_train_rgb_16667,16667,rgb,raw\rffnet\data\FLAME2\images\img_rgb_(16667).png,train
rffnet_train_ir_16667,16667,ir,raw\rffnet\data\FLAME2\images\img_ir_(16667).png,train
rffnet_train_rgb_16697,16697,rgb,raw\rffnet\data\FLAME2\images\img_rgb_(16697).png,train
rffnet_train_ir_16697,16697,ir,raw\rffnet\data\FLAME2\images\img_ir_(16697).png,train
rffnet_train_rgb_16720,16720,rgb,raw\rffnet\data\FLAME2\images\img_rgb_(16720).png,train
rffnet_train_ir_16720,16720,ir,raw\rffnet\data\FLAME2\images\img_ir_(16720).png,train
rffnet_train_rgb_16931,16931,rgb,raw\rffnet\data\FLAME2\images\img_rgb_(16931).png,train
rffnet_train_ir_16931,16931,ir,raw\rffnet\data\FLAME2\images\img_ir_(16931).png,train
rffnet_train_rgb_17113,17113,rgb,raw\rffnet\data\FLAME2\images\img_rgb_(17113).png,train
rffnet_train_ir_17113,17113,ir,raw\rffnet\data\FLAME2\images\img_ir_(17113).png,train
rffnet_train_rgb_17237,17237,rgb,raw\rffnet\data\FLAME2\images\img_rgb_(17237).png,train
rffnet_train_ir_17237,17237,ir,raw\rffnet\data\FLAME2\images\img_ir_(17237).png,train
rffnet_train_rgb_17309,17309,rgb,raw\rffnet\data\FLAME2\images\img_rgb_(17309).png,train
rffnet_train_ir_17309,17309,ir,raw\rffnet\data\FLAME2\images\img_ir_(17309).png,train
rffnet_train_rgb_17325,17325,rgb,raw\rffnet\data\FLAME2\images\img_rgb_(17325).png,train
rffnet_train_ir_17325,17325,ir,raw\rffnet\data\FLAME2\images\img_ir_(17325).png,train
rffnet_train_rgb_17330,17330,rgb,raw\rffnet\data\FLAME2\images\img_rgb_(17330).png,train
rffnet_train_ir_17330,17330,ir,raw\rffnet\data\FLAME2\images\img_ir_(17330).png,train
rffnet_train_rgb_17372,17372,rgb,raw\rffnet\data\FLAME2\images\img_rgb_(17372).png,train
rffnet_train_ir_17372,17372,ir,raw\rffnet\data\FLAME2\images\img_ir_(17372).png,train
rffnet_train_rgb_17375,17375,rgb,raw\rffnet\data\FLAME2\images\img_rgb_(17375).png,train
rffnet_train_ir_17375,17375,ir,raw\rffnet\data\FLAME2\images\img_ir_(17375).png,train
rffnet_train_rgb_17389,17389,rgb,raw\rffnet\data\FLAME2\images\img_rgb_(17389).png,train
rffnet_train_ir_17389,17389,ir,raw\rffnet\data\FLAME2\images\img_ir_(17389).png,train
rffnet_train_rgb_17459,17459,rgb,raw\rffnet\data\FLAME2\images\img_rgb_(17459).png,train
rffnet_train_ir_17459,17459,ir,raw\rffnet\data\FLAME2\images\img_ir_(17459).png,train
rffnet_train_rgb_17637,17637,rgb,raw\rffnet\data\FLAME2\images\img_rgb_(17637).png,train
rffnet_train_ir_17637,17637,ir,raw\rffnet\data\FLAME2\images\img_ir_(17637).png,train
rffnet_train_rgb_17725,17725,rgb,raw\rffnet\data\FLAME2\images\img_rgb_(17725).png,train
rffnet_train_ir_17725,17725,ir,raw\rffnet\data\FLAME2\images\img_ir_(17725).png,train
rffnet_train_rgb_17766,17766,rgb,raw\rffnet\data\FLAME2\images\img_rgb_(17766).png,train
rffnet_train_ir_17766,17766,ir,raw\rffnet\data\FLAME2\images\img_ir_(17766).png,train
rffnet_train_rgb_17792,17792,rgb,raw\rffnet\data\FLAME2\images\img_rgb_(17792).png,train
rffnet_train_ir_17792,17792,ir,raw\rffnet\data\FLAME2\images\img_ir_(17792).png,train
rffnet_train_rgb_18036,18036,rgb,raw\rffnet\data\FLAME2\images\img_rgb_(18036).png,train
rffnet_train_ir_18036,18036,ir,raw\rffnet\data\FLAME2\images\img_ir_(18036).png,train
rffnet_train_rgb_18041,18041,rgb,raw\rffnet\data\FLAME2\images\img_rgb_(18041).png,train
rffnet_train_ir_18041,18041,ir,raw\rffnet\data\FLAME2\images\img_ir_(18041).png,train
rffnet_train_rgb_18044,18044,rgb,raw\rffnet\data\FLAME2\images\img_rgb_(18044).png,train
rffnet_train_ir_18044,18044,ir,raw\rffnet\data\FLAME2\images\img_ir_(18044).png,train
rffnet_train_rgb_18052,18052,rgb,raw\rffnet\data\FLAME2\images\img_rgb_(18052).png,train
rffnet_train_ir_18052,18052,ir,raw\rffnet\data\FLAME2\images\img_ir_(18052).png,train
rffnet_train_rgb_18264,18264,rgb,raw\rffnet\data\FLAME2\images\img_rgb_(18264).png,train
rffnet_train_ir_18264,18264,ir,raw\rffnet\data\FLAME2\images\img_ir_(18264).png,train
rffnet_train_rgb_18282,18282,rgb,raw\rffnet\data\FLAME2\images\img_rgb_(18282).png,train
rffnet_train_ir_18282,18282,ir,raw\rffnet\data\FLAME2\images\img_ir_(18282).png,train
rffnet_train_rgb_20504,20504,rgb,raw\rffnet\data\FLAME2\images\img_rgb_(20504).png,train
rffnet_train_ir_20504,20504,ir,raw\rffnet\data\FLAME2\images\img_ir_(20504).png,train
rffnet_train_rgb_20523,20523,rgb,raw\rffnet\data\FLAME2\images\img_rgb_(20523).png,train
rffnet_train_ir_20523,20523,ir,raw\rffnet\data\FLAME2\images\img_ir_(20523).png,train
rffnet_train_rgb_20534,20534,rgb,raw\rffnet\data\FLAME2\images\img_rgb_(20534).png,train
rffnet_train_ir_20534,20534,ir,raw\rffnet\data\FLAME2\images\img_ir_(20534).png,train
rffnet_train_rgb_20578,20578,rgb,raw\rffnet\data\FLAME2\images\img_rgb_(20578).png,train
rffnet_train_ir_20578,20578,ir,raw\rffnet\data\FLAME2\images\img_ir_(20578).png,train
rffnet_train_rgb_20592,20592,rgb,raw\rffnet\data\FLAME2\images\img_rgb_(20592).png,train
rffnet_train_ir_20592,20592,ir,raw\rffnet\data\FLAME2\images\img_ir_(20592).png,train
rffnet_train_rgb_20627,20627,rgb,raw\rffnet\data\FLAME2\images\img_rgb_(20627).png,train
rffnet_train_ir_20627,20627,ir,raw\rffnet\data\FLAME2\images\img_ir_(20627).png,train
rffnet_train_rgb_20648,20648,rgb,raw\rffnet\data\FLAME2\images\img_rgb_(20648).png,train
rffnet_train_ir_20648,20648,ir,raw\rffnet\data\FLAME2\images\img_ir_(20648).png,train
rffnet_train_rgb_21058,21058,rgb,raw\rffnet\data\FLAME2\images\img_rgb_(21058).png,train
rffnet_train_ir_21058,21058,ir,raw\rffnet\data\FLAME2\images\img_ir_(21058).png,train
rffnet_train_rgb_21153,21153,rgb,raw\rffnet\data\FLAME2\images\img_rgb_(21153).png,train
rffnet_train_ir_21153,21153,ir,raw\rffnet\data\FLAME2\images\img_ir_(21153).png,train
rffnet_train_rgb_21166,21166,rgb,raw\rffnet\data\FLAME2\images\img_rgb_(21166).png,train
rffnet_train_ir_21166,21166,ir,raw\rffnet\data\FLAME2\images\img_ir_(21166).png,train
rffnet_train_rgb_21170,21170,rgb,raw\rffnet\data\FLAME2\images\img_rgb_(21170).png,train
rffnet_train_ir_21170,21170,ir,raw\rffnet\data\FLAME2\images\img_ir_(21170).png,train
rffnet_train_rgb_21203,21203,rgb,raw\rffnet\data\FLAME2\images\img_rgb_(21203).png,train
rffnet_train_ir_21203,21203,ir,raw\rffnet\data\FLAME2\images\img_ir_(21203).png,train
rffnet_train_rgb_21249,21249,rgb,raw\rffnet\data\FLAME2\images\img_rgb_(21249).png,train
rffnet_train_ir_21249,21249,ir,raw\rffnet\data\FLAME2\images\img_ir_(21249).png,train
rffnet_train_rgb_21256,21256,rgb,raw\rffnet\data\FLAME2\images\img_rgb_(21256).png,train
rffnet_train_ir_21256,21256,ir,raw\rffnet\data\FLAME2\images\img_ir_(21256).png,train
rffnet_train_rgb_21397,21397,rgb,raw\rffnet\data\FLAME2\images\img_rgb_(21397).png,train
rffnet_train_ir_21397,21397,ir,raw\rffnet\data\FLAME2\images\img_ir_(21397).png,train
rffnet_train_rgb_21456,21456,rgb,raw\rffnet\data\FLAME2\images\img_rgb_(21456).png,train
rffnet_train_ir_21456,21456,ir,raw\rffnet\data\FLAME2\images\img_ir_(21456).png,train
rffnet_train_rgb_21498,21498,rgb,raw\rffnet\data\FLAME2\images\img_rgb_(21498).png,train
rffnet_train_ir_21498,21498,ir,raw\rffnet\data\FLAME2\images\img_ir_(21498).png,train
rffnet_train_rgb_21589,21589,rgb,raw\rffnet\data\FLAME2\images\img_rgb_(21589).png,train
rffnet_train_ir_21589,21589,ir,raw\rffnet\data\FLAME2\images\img_ir_(21589).png,train
rffnet_train_rgb_21645,21645,rgb,raw\rffnet\data\FLAME2\images\img_rgb_(21645).png,train
rffnet_train_ir_21645,21645,ir,raw\rffnet\data\FLAME2\images\img_ir_(21645).png,train
rffnet_train_rgb_21656,21656,rgb,raw\rffnet\data\FLAME2\images\img_rgb_(21656).png,train
rffnet_train_ir_21656,21656,ir,raw\rffnet\data\FLAME2\images\img_ir_(21656).png,train
rffnet_train_rgb_21679,21679,rgb,raw\rffnet\data\FLAME2\images\img_rgb_(21679).png,train
rffnet_train_ir_21679,21679,ir,raw\rffnet\data\FLAME2\images\img_ir_(21679).png,train
rffnet_train_rgb_21709,21709,rgb,raw\rffnet\data\FLAME2\images\img_rgb_(21709).png,train
rffnet_train_ir_21709,21709,ir,raw\rffnet\data\FLAME2\images\img_ir_(21709).png,train
rffnet_train_rgb_22041,22041,rgb,raw\rffnet\data\FLAME2\images\img_rgb_(22041).png,train
rffnet_train_ir_22041,22041,ir,raw\rffnet\data\FLAME2\images\img_ir_(22041).png,train
rffnet_train_rgb_22069,22069,rgb,raw\rffnet\data\FLAME2\images\img_rgb_(22069).png,train
rffnet_train_ir_22069,22069,ir,raw\rffnet\data\FLAME2\images\img_ir_(22069).png,train
rffnet_train_rgb_22090,22090,rgb,raw\rffnet\data\FLAME2\images\img_rgb_(22090).png,train
rffnet_train_ir_22090,22090,ir,raw\rffnet\data\FLAME2\images\img_ir_(22090).png,train
rffnet_train_rgb_22114,22114,rgb,raw\rffnet\data\FLAME2\images\img_rgb_(22114).png,train
rffnet_train_ir_22114,22114,ir,raw\rffnet\data\FLAME2\images\img_ir_(22114).png,train
rffnet_train_rgb_22121,22121,rgb,raw\rffnet\data\FLAME2\images\img_rgb_(22121).png,train
rffnet_train_ir_22121,22121,ir,raw\rffnet\data\FLAME2\images\img_ir_(22121).png,train
rffnet_train_rgb_22138,22138,rgb,raw\rffnet\data\FLAME2\images\img_rgb_(22138).png,train
rffnet_train_ir_22138,22138,ir,raw\rffnet\data\FLAME2\images\img_ir_(22138).png,train
rffnet_train_rgb_22150,22150,rgb,raw\rffnet\data\FLAME2\images\img_rgb_(22150).png,train
rffnet_train_ir_22150,22150,ir,raw\rffnet\data\FLAME2\images\img_ir_(22150).png,train
rffnet_train_rgb_22155,22155,rgb,raw\rffnet\data\FLAME2\images\img_rgb_(22155).png,train
rffnet_train_ir_22155,22155,ir,raw\rffnet\data\FLAME2\images\img_ir_(22155).png,train
rffnet_train_rgb_22217,22217,rgb,raw\rffnet\data\FLAME2\images\img_rgb_(22217).png,train
rffnet_train_ir_22217,22217,ir,raw\rffnet\data\FLAME2\images\img_ir_(22217).png,train
rffnet_train_rgb_22284,22284,rgb,raw\rffnet\data\FLAME2\images\img_rgb_(22284).png,train
rffnet_train_ir_22284,22284,ir,raw\rffnet\data\FLAME2\images\img_ir_(22284).png,train
rffnet_train_rgb_22306,22306,rgb,raw\rffnet\data\FLAME2\images\img_rgb_(22306).png,train
rffnet_train_ir_22306,22306,ir,raw\rffnet\data\FLAME2\images\img_ir_(22306).png,train
rffnet_train_rgb_22322,22322,rgb,raw\rffnet\data\FLAME2\images\img_rgb_(22322).png,train
rffnet_train_ir_22322,22322,ir,raw\rffnet\data\FLAME2\images\img_ir_(22322).png,train
rffnet_train_rgb_22331,22331,rgb,raw\rffnet\data\FLAME2\images\img_rgb_(22331).png,train
rffnet_train_ir_22331,22331,ir,raw\rffnet\data\FLAME2\images\img_ir_(22331).png,train
rffnet_train_rgb_22413,22413,rgb,raw\rffnet\data\FLAME2\images\img_rgb_(22413).png,train
rffnet_train_ir_22413,22413,ir,raw\rffnet\data\FLAME2\images\img_ir_(22413).png,train
rffnet_train_rgb_22491,22491,rgb,raw\rffnet\data\FLAME2\images\img_rgb_(22491).png,train
rffnet_train_ir_22491,22491,ir,raw\rffnet\data\FLAME2\images\img_ir_(22491).png,train
rffnet_train_rgb_22519,22519,rgb,raw\rffnet\data\FLAME2\images\img_rgb_(22519).png,train
rffnet_train_ir_22519,22519,ir,raw\rffnet\data\FLAME2\images\img_ir_(22519).png,train
rffnet_train_rgb_22661,22661,rgb,raw\rffnet\data\FLAME2\images\img_rgb_(22661).png,train
rffnet_train_ir_22661,22661,ir,raw\rffnet\data\FLAME2\images\img_ir_(22661).png,train
rffnet_train_rgb_22705,22705,rgb,raw\rffnet\data\FLAME2\images\img_rgb_(22705).png,train
rffnet_train_ir_22705,22705,ir,raw\rffnet\data\FLAME2\images\img_ir_(22705).png,train
rffnet_train_rgb_22714,22714,rgb,raw\rffnet\data\FLAME2\images\img_rgb_(22714).png,train
rffnet_train_ir_22714,22714,ir,raw\rffnet\data\FLAME2\images\img_ir_(22714).png,train
rffnet_train_rgb_22775,22775,rgb,raw\rffnet\data\FLAME2\images\img_rgb_(22775).png,train
rffnet_train_ir_22775,22775,ir,raw\rffnet\data\FLAME2\images\img_ir_(22775).png,train
rffnet_train_rgb_22776,22776,rgb,raw\rffnet\data\FLAME2\images\img_rgb_(22776).png,train
rffnet_train_ir_22776,22776,ir,raw\rffnet\data\FLAME2\images\img_ir_(22776).png,train
rffnet_train_rgb_22860,22860,rgb,raw\rffnet\data\FLAME2\images\img_rgb_(22860).png,train
rffnet_train_ir_22860,22860,ir,raw\rffnet\data\FLAME2\images\img_ir_(22860).png,train
rffnet_train_rgb_22870,22870,rgb,raw\rffnet\data\FLAME2\images\img_rgb_(22870).png,train
rffnet_train_ir_22870,22870,ir,raw\rffnet\data\FLAME2\images\img_ir_(22870).png,train
rffnet_train_rgb_22965,22965,rgb,raw\rffnet\data\FLAME2\images\img_rgb_(22965).png,train
rffnet_train_ir_22965,22965,ir,raw\rffnet\data\FLAME2\images\img_ir_(22965).png,train
rffnet_train_rgb_23005,23005,rgb,raw\rffnet\data\FLAME2\images\img_rgb_(23005).png,train
rffnet_train_ir_23005,23005,ir,raw\rffnet\data\FLAME2\images\img_ir_(23005).png,train
rffnet_train_rgb_23056,23056,rgb,raw\rffnet\data\FLAME2\images\img_rgb_(23056).png,train
rffnet_train_ir_23056,23056,ir,raw\rffnet\data\FLAME2\images\img_ir_(23056).png,train
rffnet_train_rgb_23068,23068,rgb,raw\rffnet\data\FLAME2\images\img_rgb_(23068).png,train
rffnet_train_ir_23068,23068,ir,raw\rffnet\data\FLAME2\images\img_ir_(23068).png,train
rffnet_train_rgb_23104,23104,rgb,raw\rffnet\data\FLAME2\images\img_rgb_(23104).png,train
rffnet_train_ir_23104,23104,ir,raw\rffnet\data\FLAME2\images\img_ir_(23104).png,train
rffnet_train_rgb_23162,23162,rgb,raw\rffnet\data\FLAME2\images\img_rgb_(23162).png,train
rffnet_train_ir_23162,23162,ir,raw\rffnet\data\FLAME2\images\img_ir_(23162).png,train
rffnet_train_rgb_23183,23183,rgb,raw\rffnet\data\FLAME2\images\img_rgb_(23183).png,train
rffnet_train_ir_23183,23183,ir,raw\rffnet\data\FLAME2\images\img_ir_(23183).png,train
rffnet_train_rgb_23236,23236,rgb,raw\rffnet\data\FLAME2\images\img_rgb_(23236).png,train
rffnet_train_ir_23236,23236,ir,raw\rffnet\data\FLAME2\images\img_ir_(23236).png,train
rffnet_train_rgb_23392,23392,rgb,raw\rffnet\data\FLAME2\images\img_rgb_(23392).png,train
rffnet_train_ir_23392,23392,ir,raw\rffnet\data\FLAME2\images\img_ir_(23392).png,train
rffnet_train_rgb_23738,23738,rgb,raw\rffnet\data\FLAME2\images\img_rgb_(23738).png,train
rffnet_train_ir_23738,23738,ir,raw\rffnet\data\FLAME2\images\img_ir_(23738).png,train
rffnet_train_rgb_23749,23749,rgb,raw\rffnet\data\FLAME2\images\img_rgb_(23749).png,train
rffnet_train_ir_23749,23749,ir,raw\rffnet\data\FLAME2\images\img_ir_(23749).png,train
rffnet_train_rgb_23826,23826,rgb,raw\rffnet\data\FLAME2\images\img_rgb_(23826).png,train
rffnet_train_ir_23826,23826,ir,raw\rffnet\data\FLAME2\images\img_ir_(23826).png,train
rffnet_train_rgb_23880,23880,rgb,raw\rffnet\data\FLAME2\images\img_rgb_(23880).png,train
rffnet_train_ir_23880,23880,ir,raw\rffnet\data\FLAME2\images\img_ir_(23880).png,train
rffnet_train_rgb_23935,23935,rgb,raw\rffnet\data\FLAME2\images\img_rgb_(23935).png,train
rffnet_train_ir_23935,23935,ir,raw\rffnet\data\FLAME2\images\img_ir_(23935).png,train
rffnet_train_rgb_23975,23975,rgb,raw\rffnet\data\FLAME2\images\img_rgb_(23975).png,train
rffnet_train_ir_23975,23975,ir,raw\rffnet\data\FLAME2\images\img_ir_(23975).png,train
rffnet_train_rgb_25352,25352,rgb,raw\rffnet\data\FLAME2\images\img_rgb_(25352).png,train
rffnet_train_ir_25352,25352,ir,raw\rffnet\data\FLAME2\images\img_ir_(25352).png,train
rffnet_train_rgb_25364,25364,rgb,raw\rffnet\data\FLAME2\images\img_rgb_(25364).png,train
rffnet_train_ir_25364,25364,ir,raw\rffnet\data\FLAME2\images\img_ir_(25364).png,train
rffnet_train_rgb_25369,25369,rgb,raw\rffnet\data\FLAME2\images\img_rgb_(25369).png,train
rffnet_train_ir_25369,25369,ir,raw\rffnet\data\FLAME2\images\img_ir_(25369).png,train
rffnet_train_rgb_25371,25371,rgb,raw\rffnet\data\FLAME2\images\img_rgb_(25371).png,train
rffnet_train_ir_25371,25371,ir,raw\rffnet\data\FLAME2\images\img_ir_(25371).png,train
rffnet_train_rgb_25618,25618,rgb,raw\rffnet\data\FLAME2\images\img_rgb_(25618).png,train
rffnet_train_ir_25618,25618,ir,raw\rffnet\data\FLAME2\images\img_ir_(25618).png,train
rffnet_train_rgb_25630,25630,rgb,raw\rffnet\data\FLAME2\images\img_rgb_(25630).png,train
rffnet_train_ir_25630,25630,ir,raw\rffnet\data\FLAME2\images\img_ir_(25630).png,train
rffnet_train_rgb_25711,25711,rgb,raw\rffnet\data\FLAME2\images\img_rgb_(25711).png,train
rffnet_train_ir_25711,25711,ir,raw\rffnet\data\FLAME2\images\img_ir_(25711).png,train
rffnet_train_rgb_25731,25731,rgb,raw\rffnet\data\FLAME2\images\img_rgb_(25731).png,train
rffnet_train_ir_25731,25731,ir,raw\rffnet\data\FLAME2\images\img_ir_(25731).png,train
rffnet_train_rgb_25817,25817,rgb,raw\rffnet\data\FLAME2\images\img_rgb_(25817).png,train
rffnet_train_ir_25817,25817,ir,raw\rffnet\data\FLAME2\images\img_ir_(25817).png,train
rffnet_train_rgb_26015,26015,rgb,raw\rffnet\data\FLAME2\images\img_rgb_(26015).png,train
rffnet_train_ir_26015,26015,ir,raw\rffnet\data\FLAME2\images\img_ir_(26015).png,train
rffnet_train_rgb_26032,26032,rgb,raw\rffnet\data\FLAME2\images\img_rgb_(26032).png,train
rffnet_train_ir_26032,26032,ir,raw\rffnet\data\FLAME2\images\img_ir_(26032).png,train
rffnet_train_rgb_26042,26042,rgb,raw\rffnet\data\FLAME2\images\img_rgb_(26042).png,train
rffnet_train_ir_26042,26042,ir,raw\rffnet\data\FLAME2\images\img_ir_(26042).png,train
rffnet_train_rgb_26076,26076,rgb,raw\rffnet\data\FLAME2\images\img_rgb_(26076).png,train
rffnet_train_ir_26076,26076,ir,raw\rffnet\data\FLAME2\images\img_ir_(26076).png,train
rffnet_train_rgb_26114,26114,rgb,raw\rffnet\data\FLAME2\images\img_rgb_(26114).png,train
rffnet_train_ir_26114,26114,ir,raw\rffnet\data\FLAME2\images\img_ir_(26114).png,train
rffnet_train_rgb_26141,26141,rgb,raw\rffnet\data\FLAME2\images\img_rgb_(26141).png,train
rffnet_train_ir_26141,26141,ir,raw\rffnet\data\FLAME2\images\img_ir_(26141).png,train
rffnet_train_rgb_26180,26180,rgb,raw\rffnet\data\FLAME2\images\img_rgb_(26180).png,train
rffnet_train_ir_26180,26180,ir,raw\rffnet\data\FLAME2\images\img_ir_(26180).png,train
rffnet_train_rgb_26219,26219,rgb,raw\rffnet\data\FLAME2\images\img_rgb_(26219).png,train
rffnet_train_ir_26219,26219,ir,raw\rffnet\data\FLAME2\images\img_ir_(26219).png,train
rffnet_train_rgb_26229,26229,rgb,raw\rffnet\data\FLAME2\images\img_rgb_(26229).png,train
rffnet_train_ir_26229,26229,ir,raw\rffnet\data\FLAME2\images\img_ir_(26229).png,train
rffnet_train_rgb_26247,26247,rgb,raw\rffnet\data\FLAME2\images\img_rgb_(26247).png,train
rffnet_train_ir_26247,26247,ir,raw\rffnet\data\FLAME2\images\img_ir_(26247).png,train
rffnet_train_rgb_26305,26305,rgb,raw\rffnet\data\FLAME2\images\img_rgb_(26305).png,train
rffnet_train_ir_26305,26305,ir,raw\rffnet\data\FLAME2\images\img_ir_(26305).png,train
rffnet_train_rgb_26924,26924,rgb,raw\rffnet\data\FLAME2\images\img_rgb_(26924).png,train
rffnet_train_ir_26924,26924,ir,raw\rffnet\data\FLAME2\images\img_ir_(26924).png,train
rffnet_train_rgb_26948,26948,rgb,raw\rffnet\data\FLAME2\images\img_rgb_(26948).png,train
rffnet_train_ir_26948,26948,ir,raw\rffnet\data\FLAME2\images\img_ir_(26948).png,train
rffnet_train_rgb_27099,27099,rgb,raw\rffnet\data\FLAME2\images\img_rgb_(27099).png,train
rffnet_train_ir_27099,27099,ir,raw\rffnet\data\FLAME2\images\img_ir_(27099).png,train
rffnet_train_rgb_27139,27139,rgb,raw\rffnet\data\FLAME2\images\img_rgb_(27139).png,train
rffnet_train_ir_27139,27139,ir,raw\rffnet\data\FLAME2\images\img_ir_(27139).png,train
rffnet_train_rgb_27171,27171,rgb,raw\rffnet\data\FLAME2\images\img_rgb_(27171).png,train
rffnet_train_ir_27171,27171,ir,raw\rffnet\data\FLAME2\images\img_ir_(27171).png,train
rffnet_train_rgb_27231,27231,rgb,raw\rffnet\data\FLAME2\images\img_rgb_(27231).png,train
rffnet_train_ir_27231,27231,ir,raw\rffnet\data\FLAME2\images\img_ir_(27231).png,train
rffnet_train_rgb_27294,27294,rgb,raw\rffnet\data\FLAME2\images\img_rgb_(27294).png,train
rffnet_train_ir_27294,27294,ir,raw\rffnet\data\FLAME2\images\img_ir_(27294).png,train
rffnet_train_rgb_27309,27309,rgb,raw\rffnet\data\FLAME2\images\img_rgb_(27309).png,train
rffnet_train_ir_27309,27309,ir,raw\rffnet\data\FLAME2\images\img_ir_(27309).png,train
rffnet_train_rgb_27346,27346,rgb,raw\rffnet\data\FLAME2\images\img_rgb_(27346).png,train
rffnet_train_ir_27346,27346,ir,raw\rffnet\data\FLAME2\images\img_ir_(27346).png,train
rffnet_train_rgb_27353,27353,rgb,raw\rffnet\data\FLAME2\images\img_rgb_(27353).png,train
rffnet_train_ir_27353,27353,ir,raw\rffnet\data\FLAME2\images\img_ir_(27353).png,train
rffnet_train_rgb_27465,27465,rgb,raw\rffnet\data\FLAME2\images\img_rgb_(27465).png,train
rffnet_train_ir_27465,27465,ir,raw\rffnet\data\FLAME2\images\img_ir_(27465).png,train
rffnet_train_rgb_27468,27468,rgb,raw\rffnet\data\FLAME2\images\img_rgb_(27468).png,train
rffnet_train_ir_27468,27468,ir,raw\rffnet\data\FLAME2\images\img_ir_(27468).png,train
rffnet_train_rgb_27745,27745,rgb,raw\rffnet\data\FLAME2\images\img_rgb_(27745).png,train
rffnet_train_ir_27745,27745,ir,raw\rffnet\data\FLAME2\images\img_ir_(27745).png,train
rffnet_train_rgb_27830,27830,rgb,raw\rffnet\data\FLAME2\images\img_rgb_(27830).png,train
rffnet_train_ir_27830,27830,ir,raw\rffnet\data\FLAME2\images\img_ir_(27830).png,train
rffnet_train_rgb_27989,27989,rgb,raw\rffnet\data\FLAME2\images\img_rgb_(27989).png,train
rffnet_train_ir_27989,27989,ir,raw\rffnet\data\FLAME2\images\img_ir_(27989).png,train
rffnet_train_rgb_28136,28136,rgb,raw\rffnet\data\FLAME2\images\img_rgb_(28136).png,train
rffnet_train_ir_28136,28136,ir,raw\rffnet\data\FLAME2\images\img_ir_(28136).png,train
rffnet_train_rgb_28146,28146,rgb,raw\rffnet\data\FLAME2\images\img_rgb_(28146).png,train
rffnet_train_ir_28146,28146,ir,raw\rffnet\data\FLAME2\images\img_ir_(28146).png,train
rffnet_train_rgb_28159,28159,rgb,raw\rffnet\data\FLAME2\images\img_rgb_(28159).png,train
rffnet_train_ir_28159,28159,ir,raw\rffnet\data\FLAME2\images\img_ir_(28159).png,train
rffnet_train_rgb_28303,28303,rgb,raw\rffnet\data\FLAME2\images\img_rgb_(28303).png,train
rffnet_train_ir_28303,28303,ir,raw\rffnet\data\FLAME2\images\img_ir_(28303).png,train
rffnet_train_rgb_28337,28337,rgb,raw\rffnet\data\FLAME2\images\img_rgb_(28337).png,train
rffnet_train_ir_28337,28337,ir,raw\rffnet\data\FLAME2\images\img_ir_(28337).png,train
rffnet_train_rgb_28375,28375,rgb,raw\rffnet\data\FLAME2\images\img_rgb_(28375).png,train
rffnet_train_ir_28375,28375,ir,raw\rffnet\data\FLAME2\images\img_ir_(28375).png,train
rffnet_train_rgb_28392,28392,rgb,raw\rffnet\data\FLAME2\images\img_rgb_(28392).png,train
rffnet_train_ir_28392,28392,ir,raw\rffnet\data\FLAME2\images\img_ir_(28392).png,train
rffnet_train_rgb_28437,28437,rgb,raw\rffnet\data\FLAME2\images\img_rgb_(28437).png,train
rffnet_train_ir_28437,28437,ir,raw\rffnet\data\FLAME2\images\img_ir_(28437).png,train
rffnet_train_rgb_28532,28532,rgb,raw\rffnet\data\FLAME2\images\img_rgb_(28532).png,train
rffnet_train_ir_28532,28532,ir,raw\rffnet\data\FLAME2\images\img_ir_(28532).png,train
rffnet_train_rgb_28600,28600,rgb,raw\rffnet\data\FLAME2\images\img_rgb_(28600).png,train
rffnet_train_ir_28600,28600,ir,raw\rffnet\data\FLAME2\images\img_ir_(28600).png,train
rffnet_train_rgb_28690,28690,rgb,raw\rffnet\data\FLAME2\images\img_rgb_(28690).png,train
rffnet_train_ir_28690,28690,ir,raw\rffnet\data\FLAME2\images\img_ir_(28690).png,train
rffnet_train_rgb_28798,28798,rgb,raw\rffnet\data\FLAME2\images\img_rgb_(28798).png,train
rffnet_train_ir_28798,28798,ir,raw\rffnet\data\FLAME2\images\img_ir_(28798).png,train
rffnet_train_rgb_28908,28908,rgb,raw\rffnet\data\FLAME2\images\img_rgb_(28908).png,train
rffnet_train_ir_28908,28908,ir,raw\rffnet\data\FLAME2\images\img_ir_(28908).png,train
rffnet_train_rgb_29009,29009,rgb,raw\rffnet\data\FLAME2\images\img_rgb_(29009).png,train
rffnet_train_ir_29009,29009,ir,raw\rffnet\data\FLAME2\images\img_ir_(29009).png,train
rffnet_train_rgb_29035,29035,rgb,raw\rffnet\data\FLAME2\images\img_rgb_(29035).png,train
rffnet_train_ir_29035,29035,ir,raw\rffnet\data\FLAME2\images\img_ir_(29035).png,train
rffnet_train_rgb_29055,29055,rgb,raw\rffnet\data\FLAME2\images\img_rgb_(29055).png,train
rffnet_train_ir_29055,29055,ir,raw\rffnet\data\FLAME2\images\img_ir_(29055).png,train
rffnet_train_rgb_29452,29452,rgb,raw\rffnet\data\FLAME2\images\img_rgb_(29452).png,train
rffnet_train_ir_29452,29452,ir,raw\rffnet\data\FLAME2\images\img_ir_(29452).png,train
rffnet_train_rgb_29501,29501,rgb,raw\rffnet\data\FLAME2\images\img_rgb_(29501).png,train
rffnet_train_ir_29501,29501,ir,raw\rffnet\data\FLAME2\images\img_ir_(29501).png,train
rffnet_train_rgb_29560,29560,rgb,raw\rffnet\data\FLAME2\images\img_rgb_(29560).png,train
rffnet_train_ir_29560,29560,ir,raw\rffnet\data\FLAME2\images\img_ir_(29560).png,train
rffnet_train_rgb_29601,29601,rgb,raw\rffnet\data\FLAME2\images\img_rgb_(29601).png,train
rffnet_train_ir_29601,29601,ir,raw\rffnet\data\FLAME2\images\img_ir_(29601).png,train
rffnet_train_rgb_29631,29631,rgb,raw\rffnet\data\FLAME2\images\img_rgb_(29631).png,train
rffnet_train_ir_29631,29631,ir,raw\rffnet\data\FLAME2\images\img_ir_(29631).png,train
rffnet_train_rgb_29705,29705,rgb,raw\rffnet\data\FLAME2\images\img_rgb_(29705).png,train
rffnet_train_ir_29705,29705,ir,raw\rffnet\data\FLAME2\images\img_ir_(29705).png,train
rffnet_train_rgb_29747,29747,rgb,raw\rffnet\data\FLAME2\images\img_rgb_(29747).png,train
rffnet_train_ir_29747,29747,ir,raw\rffnet\data\FLAME2\images\img_ir_(29747).png,train
rffnet_train_rgb_29854,29854,rgb,raw\rffnet\data\FLAME2\images\img_rgb_(29854).png,train
rffnet_train_ir_29854,29854,ir,raw\rffnet\data\FLAME2\images\img_ir_(29854).png,train
rffnet_train_rgb_29856,29856,rgb,raw\rffnet\data\FLAME2\images\img_rgb_(29856).png,train
rffnet_train_ir_29856,29856,ir,raw\rffnet\data\FLAME2\images\img_ir_(29856).png,train
rffnet_train_rgb_29863,29863,rgb,raw\rffnet\data\FLAME2\images\img_rgb_(29863).png,train
rffnet_train_ir_29863,29863,ir,raw\rffnet\data\FLAME2\images\img_ir_(29863).png,train
rffnet_train_rgb_29947,29947,rgb,raw\rffnet\data\FLAME2\images\img_rgb_(29947).png,train
rffnet_train_ir_29947,29947,ir,raw\rffnet\data\FLAME2\images\img_ir_(29947).png,train
rffnet_train_rgb_29958,29958,rgb,raw\rffnet\data\FLAME2\images\img_rgb_(29958).png,train
rffnet_train_ir_29958,29958,ir,raw\rffnet\data\FLAME2\images\img_ir_(29958).png,train
rffnet_train_rgb_30034,30034,rgb,raw\rffnet\data\FLAME2\images\img_rgb_(30034).png,train
rffnet_train_ir_30034,30034,ir,raw\rffnet\data\FLAME2\images\img_ir_(30034).png,train
rffnet_train_rgb_30045,30045,rgb,raw\rffnet\data\FLAME2\images\img_rgb_(30045).png,train
rffnet_train_ir_30045,30045,ir,raw\rffnet\data\FLAME2\images\img_ir_(30045).png,train
rffnet_train_rgb_30069,30069,rgb,raw\rffnet\data\FLAME2\images\img_rgb_(30069).png,train
rffnet_train_ir_30069,30069,ir,raw\rffnet\data\FLAME2\images\img_ir_(30069).png,train
rffnet_train_rgb_30126,30126,rgb,raw\rffnet\data\FLAME2\images\img_rgb_(30126).png,train
rffnet_train_ir_30126,30126,ir,raw\rffnet\data\FLAME2\images\img_ir_(30126).png,train
rffnet_train_rgb_30741,30741,rgb,raw\rffnet\data\FLAME2\images\img_rgb_(30741).png,train
rffnet_train_ir_30741,30741,ir,raw\rffnet\data\FLAME2\images\img_ir_(30741).png,train
rffnet_train_rgb_30752,30752,rgb,raw\rffnet\data\FLAME2\images\img_rgb_(30752).png,train
rffnet_train_ir_30752,30752,ir,raw\rffnet\data\FLAME2\images\img_ir_(30752).png,train
rffnet_train_rgb_30825,30825,rgb,raw\rffnet\data\FLAME2\images\img_rgb_(30825).png,train
rffnet_train_ir_30825,30825,ir,raw\rffnet\data\FLAME2\images\img_ir_(30825).png,train
rffnet_train_rgb_30904,30904,rgb,raw\rffnet\data\FLAME2\images\img_rgb_(30904).png,train
rffnet_train_ir_30904,30904,ir,raw\rffnet\data\FLAME2\images\img_ir_(30904).png,train
rffnet_train_rgb_31015,31015,rgb,raw\rffnet\data\FLAME2\images\img_rgb_(31015).png,train
rffnet_train_ir_31015,31015,ir,raw\rffnet\data\FLAME2\images\img_ir_(31015).png,train
rffnet_train_rgb_31028,31028,rgb,raw\rffnet\data\FLAME2\images\img_rgb_(31028).png,train
rffnet_train_ir_31028,31028,ir,raw\rffnet\data\FLAME2\images\img_ir_(31028).png,train
rffnet_train_rgb_31070,31070,rgb,raw\rffnet\data\FLAME2\images\img_rgb_(31070).png,train
rffnet_train_ir_31070,31070,ir,raw\rffnet\data\FLAME2\images\img_ir_(31070).png,train
rffnet_train_rgb_31085,31085,rgb,raw\rffnet\data\FLAME2\images\img_rgb_(31085).png,train
rffnet_train_ir_31085,31085,ir,raw\rffnet\data\FLAME2\images\img_ir_(31085).png,train
rffnet_train_rgb_31105,31105,rgb,raw\rffnet\data\FLAME2\images\img_rgb_(31105).png,train
rffnet_train_ir_31105,31105,ir,raw\rffnet\data\FLAME2\images\img_ir_(31105).png,train
rffnet_train_rgb_31189,31189,rgb,raw\rffnet\data\FLAME2\images\img_rgb_(31189).png,train
rffnet_train_ir_31189,31189,ir,raw\rffnet\data\FLAME2\images\img_ir_(31189).png,train
rffnet_train_rgb_31215,31215,rgb,raw\rffnet\data\FLAME2\images\img_rgb_(31215).png,train
rffnet_train_ir_31215,31215,ir,raw\rffnet\data\FLAME2\images\img_ir_(31215).png,train
rffnet_train_rgb_31521,31521,rgb,raw\rffnet\data\FLAME2\images\img_rgb_(31521).png,train
rffnet_train_ir_31521,31521,ir,raw\rffnet\data\FLAME2\images\img_ir_(31521).png,train
rffnet_train_rgb_31635,31635,rgb,raw\rffnet\data\FLAME2\images\img_rgb_(31635).png,train
rffnet_train_ir_31635,31635,ir,raw\rffnet\data\FLAME2\images\img_ir_(31635).png,train
rffnet_train_rgb_31648,31648,rgb,raw\rffnet\data\FLAME2\images\img_rgb_(31648).png,train
rffnet_train_ir_31648,31648,ir,raw\rffnet\data\FLAME2\images\img_ir_(31648).png,train
rffnet_train_rgb_31723,31723,rgb,raw\rffnet\data\FLAME2\images\img_rgb_(31723).png,train
rffnet_train_ir_31723,31723,ir,raw\rffnet\data\FLAME2\images\img_ir_(31723).png,train
rffnet_train_rgb_32009,32009,rgb,raw\rffnet\data\FLAME2\images\img_rgb_(32009).png,train
rffnet_train_ir_32009,32009,ir,raw\rffnet\data\FLAME2\images\img_ir_(32009).png,train
rffnet_train_rgb_32010,32010,rgb,raw\rffnet\data\FLAME2\images\img_rgb_(32010).png,train
rffnet_train_ir_32010,32010,ir,raw\rffnet\data\FLAME2\images\img_ir_(32010).png,train
rffnet_train_rgb_32045,32045,rgb,raw\rffnet\data\FLAME2\images\img_rgb_(32045).png,train
rffnet_train_ir_32045,32045,ir,raw\rffnet\data\FLAME2\images\img_ir_(32045).png,train
rffnet_train_rgb_32094,32094,rgb,raw\rffnet\data\FLAME2\images\img_rgb_(32094).png,train
rffnet_train_ir_32094,32094,ir,raw\rffnet\data\FLAME2\images\img_ir_(32094).png,train
rffnet_train_rgb_32107,32107,rgb,raw\rffnet\data\FLAME2\images\img_rgb_(32107).png,train
rffnet_train_ir_32107,32107,ir,raw\rffnet\data\FLAME2\images\img_ir_(32107).png,train
rffnet_train_rgb_32175,32175,rgb,raw\rffnet\data\FLAME2\images\img_rgb_(32175).png,train
rffnet_train_ir_32175,32175,ir,raw\rffnet\data\FLAME2\images\img_ir_(32175).png,train
rffnet_train_rgb_32219,32219,rgb,raw\rffnet\data\FLAME2\images\img_rgb_(32219).png,train
rffnet_train_ir_32219,32219,ir,raw\rffnet\data\FLAME2\images\img_ir_(32219).png,train
rffnet_train_rgb_32265,32265,rgb,raw\rffnet\data\FLAME2\images\img_rgb_(32265).png,train
rffnet_train_ir_32265,32265,ir,raw\rffnet\data\FLAME2\images\img_ir_(32265).png,train
rffnet_train_rgb_32304,32304,rgb,raw\rffnet\data\FLAME2\images\img_rgb_(32304).png,train
rffnet_train_ir_32304,32304,ir,raw\rffnet\data\FLAME2\images\img_ir_(32304).png,train
rffnet_train_rgb_32356,32356,rgb,raw\rffnet\data\FLAME2\images\img_rgb_(32356).png,train
rffnet_train_ir_32356,32356,ir,raw\rffnet\data\FLAME2\images\img_ir_(32356).png,train
rffnet_train_rgb_32549,32549,rgb,raw\rffnet\data\FLAME2\images\img_rgb_(32549).png,train
rffnet_train_ir_32549,32549,ir,raw\rffnet\data\FLAME2\images\img_ir_(32549).png,train
rffnet_train_rgb_32620,32620,rgb,raw\rffnet\data\FLAME2\images\img_rgb_(32620).png,train
rffnet_train_ir_32620,32620,ir,raw\rffnet\data\FLAME2\images\img_ir_(32620).png,train
rffnet_train_rgb_32771,32771,rgb,raw\rffnet\data\FLAME2\images\img_rgb_(32771).png,train
rffnet_train_ir_32771,32771,ir,raw\rffnet\data\FLAME2\images\img_ir_(32771).png,train
rffnet_train_rgb_32779,32779,rgb,raw\rffnet\data\FLAME2\images\img_rgb_(32779).png,train
rffnet_train_ir_32779,32779,ir,raw\rffnet\data\FLAME2\images\img_ir_(32779).png,train
rffnet_train_rgb_32837,32837,rgb,raw\rffnet\data\FLAME2\images\img_rgb_(32837).png,train
rffnet_train_ir_32837,32837,ir,raw\rffnet\data\FLAME2\images\img_ir_(32837).png,train
rffnet_train_rgb_32899,32899,rgb,raw\rffnet\data\FLAME2\images\img_rgb_(32899).png,train
rffnet_train_ir_32899,32899,ir,raw\rffnet\data\FLAME2\images\img_ir_(32899).png,train
rffnet_train_rgb_33198,33198,rgb,raw\rffnet\data\FLAME2\images\img_rgb_(33198).png,train
rffnet_train_ir_33198,33198,ir,raw\rffnet\data\FLAME2\images\img_ir_(33198).png,train
rffnet_train_rgb_33227,33227,rgb,raw\rffnet\data\FLAME2\images\img_rgb_(33227).png,train
rffnet_train_ir_33227,33227,ir,raw\rffnet\data\FLAME2\images\img_ir_(33227).png,train
rffnet_train_rgb_33238,33238,rgb,raw\rffnet\data\FLAME2\images\img_rgb_(33238).png,train
rffnet_train_ir_33238,33238,ir,raw\rffnet\data\FLAME2\images\img_ir_(33238).png,train
rffnet_train_rgb_33271,33271,rgb,raw\rffnet\data\FLAME2\images\img_rgb_(33271).png,train
rffnet_train_ir_33271,33271,ir,raw\rffnet\data\FLAME2\images\img_ir_(33271).png,train
rffnet_train_rgb_33356,33356,rgb,raw\rffnet\data\FLAME2\images\img_rgb_(33356).png,train
rffnet_train_ir_33356,33356,ir,raw\rffnet\data\FLAME2\images\img_ir_(33356).png,train
rffnet_train_rgb_33435,33435,rgb,raw\rffnet\data\FLAME2\images\img_rgb_(33435).png,train
rffnet_train_ir_33435,33435,ir,raw\rffnet\data\FLAME2\images\img_ir_(33435).png,train
rffnet_train_rgb_33578,33578,rgb,raw\rffnet\data\FLAME2\images\img_rgb_(33578).png,train
rffnet_train_ir_33578,33578,ir,raw\rffnet\data\FLAME2\images\img_ir_(33578).png,train
rffnet_train_rgb_33581,33581,rgb,raw\rffnet\data\FLAME2\images\img_rgb_(33581).png,train
rffnet_train_ir_33581,33581,ir,raw\rffnet\data\FLAME2\images\img_ir_(33581).png,train
rffnet_train_rgb_33596,33596,rgb,raw\rffnet\data\FLAME2\images\img_rgb_(33596).png,train
rffnet_train_ir_33596,33596,ir,raw\rffnet\data\FLAME2\images\img_ir_(33596).png,train
rffnet_train_rgb_33741,33741,rgb,raw\rffnet\data\FLAME2\images\img_rgb_(33741).png,train
rffnet_train_ir_33741,33741,ir,raw\rffnet\data\FLAME2\images\img_ir_(33741).png,train
rffnet_train_rgb_33768,33768,rgb,raw\rffnet\data\FLAME2\images\img_rgb_(33768).png,train
rffnet_train_ir_33768,33768,ir,raw\rffnet\data\FLAME2\images\img_ir_(33768).png,train
rffnet_train_rgb_33783,33783,rgb,raw\rffnet\data\FLAME2\images\img_rgb_(33783).png,train
rffnet_train_ir_33783,33783,ir,raw\rffnet\data\FLAME2\images\img_ir_(33783).png,train
rffnet_train_rgb_33974,33974,rgb,raw\rffnet\data\FLAME2\images\img_rgb_(33974).png,train
rffnet_train_ir_33974,33974,ir,raw\rffnet\data\FLAME2\images\img_ir_(33974).png,train
rffnet_train_rgb_34130,34130,rgb,raw\rffnet\data\FLAME2\images\img_rgb_(34130).png,train
rffnet_train_ir_34130,34130,ir,raw\rffnet\data\FLAME2\images\img_ir_(34130).png,train
rffnet_train_rgb_34287,34287,rgb,raw\rffnet\data\FLAME2\images\img_rgb_(34287).png,train
rffnet_train_ir_34287,34287,ir,raw\rffnet\data\FLAME2\images\img_ir_(34287).png,train
rffnet_train_rgb_34336,34336,rgb,raw\rffnet\data\FLAME2\images\img_rgb_(34336).png,train
rffnet_train_ir_34336,34336,ir,raw\rffnet\data\FLAME2\images\img_ir_(34336).png,train
rffnet_train_rgb_34670,34670,rgb,raw\rffnet\data\FLAME2\images\img_rgb_(34670).png,train
rffnet_train_ir_34670,34670,ir,raw\rffnet\data\FLAME2\images\img_ir_(34670).png,train
rffnet_train_rgb_34678,34678,rgb,raw\rffnet\data\FLAME2\images\img_rgb_(34678).png,train
rffnet_train_ir_34678,34678,ir,raw\rffnet\data\FLAME2\images\img_ir_(34678).png,train
rffnet_train_rgb_34768,34768,rgb,raw\rffnet\data\FLAME2\images\img_rgb_(34768).png,train
rffnet_train_ir_34768,34768,ir,raw\rffnet\data\FLAME2\images\img_ir_(34768).png,train
rffnet_train_rgb_34853,34853,rgb,raw\rffnet\data\FLAME2\images\img_rgb_(34853).png,train
rffnet_train_ir_34853,34853,ir,raw\rffnet\data\FLAME2\images\img_ir_(34853).png,train
rffnet_train_rgb_34888,34888,rgb,raw\rffnet\data\FLAME2\images\img_rgb_(34888).png,train
rffnet_train_ir_34888,34888,ir,raw\rffnet\data\FLAME2\images\img_ir_(34888).png,train
rffnet_train_rgb_34944,34944,rgb,raw\rffnet\data\FLAME2\images\img_rgb_(34944).png,train
rffnet_train_ir_34944,34944,ir,raw\rffnet\data\FLAME2\images\img_ir_(34944).png,train
rffnet_train_rgb_35012,35012,rgb,raw\rffnet\data\FLAME2\images\img_rgb_(35012).png,train
rffnet_train_ir_35012,35012,ir,raw\rffnet\data\FLAME2\images\img_ir_(35012).png,train
rffnet_train_rgb_35032,35032,rgb,raw\rffnet\data\FLAME2\images\img_rgb_(35032).png,train
rffnet_train_ir_35032,35032,ir,raw\rffnet\data\FLAME2\images\img_ir_(35032).png,train
rffnet_train_rgb_35063,35063,rgb,raw\rffnet\data\FLAME2\images\img_rgb_(35063).png,train
rffnet_train_ir_35063,35063,ir,raw\rffnet\data\FLAME2\images\img_ir_(35063).png,train
rffnet_train_rgb_35190,35190,rgb,raw\rffnet\data\FLAME2\images\img_rgb_(35190).png,train
rffnet_train_ir_35190,35190,ir,raw\rffnet\data\FLAME2\images\img_ir_(35190).png,train
rffnet_train_rgb_35227,35227,rgb,raw\rffnet\data\FLAME2\images\img_rgb_(35227).png,train
rffnet_train_ir_35227,35227,ir,raw\rffnet\data\FLAME2\images\img_ir_(35227).png,train
rffnet_train_rgb_35298,35298,rgb,raw\rffnet\data\FLAME2\images\img_rgb_(35298).png,train
rffnet_train_ir_35298,35298,ir,raw\rffnet\data\FLAME2\images\img_ir_(35298).png,train
rffnet_train_rgb_35347,35347,rgb,raw\rffnet\data\FLAME2\images\img_rgb_(35347).png,train
rffnet_train_ir_35347,35347,ir,raw\rffnet\data\FLAME2\images\img_ir_(35347).png,train
rffnet_train_rgb_35408,35408,rgb,raw\rffnet\data\FLAME2\images\img_rgb_(35408).png,train
rffnet_train_ir_35408,35408,ir,raw\rffnet\data\FLAME2\images\img_ir_(35408).png,train
rffnet_train_rgb_35416,35416,rgb,raw\rffnet\data\FLAME2\images\img_rgb_(35416).png,train
rffnet_train_ir_35416,35416,ir,raw\rffnet\data\FLAME2\images\img_ir_(35416).png,train
rffnet_train_rgb_35838,35838,rgb,raw\rffnet\data\FLAME2\images\img_rgb_(35838).png,train
rffnet_train_ir_35838,35838,ir,raw\rffnet\data\FLAME2\images\img_ir_(35838).png,train
rffnet_train_rgb_35900,35900,rgb,raw\rffnet\data\FLAME2\images\img_rgb_(35900).png,train
rffnet_train_ir_35900,35900,ir,raw\rffnet\data\FLAME2\images\img_ir_(35900).png,train
rffnet_train_rgb_36140,36140,rgb,raw\rffnet\data\FLAME2\images\img_rgb_(36140).png,train
rffnet_train_ir_36140,36140,ir,raw\rffnet\data\FLAME2\images\img_ir_(36140).png,train
rffnet_train_rgb_36164,36164,rgb,raw\rffnet\data\FLAME2\images\img_rgb_(36164).png,train
rffnet_train_ir_36164,36164,ir,raw\rffnet\data\FLAME2\images\img_ir_(36164).png,train
rffnet_train_rgb_36165,36165,rgb,raw\rffnet\data\FLAME2\images\img_rgb_(36165).png,train
rffnet_train_ir_36165,36165,ir,raw\rffnet\data\FLAME2\images\img_ir_(36165).png,train
rffnet_train_rgb_36205,36205,rgb,raw\rffnet\data\FLAME2\images\img_rgb_(36205).png,train
rffnet_train_ir_36205,36205,ir,raw\rffnet\data\FLAME2\images\img_ir_(36205).png,train
rffnet_train_rgb_36235,36235,rgb,raw\rffnet\data\FLAME2\images\img_rgb_(36235).png,train
rffnet_train_ir_36235,36235,ir,raw\rffnet\data\FLAME2\images\img_ir_(36235).png,train
rffnet_train_rgb_36397,36397,rgb,raw\rffnet\data\FLAME2\images\img_rgb_(36397).png,train
rffnet_train_ir_36397,36397,ir,raw\rffnet\data\FLAME2\images\img_ir_(36397).png,train
rffnet_train_rgb_36433,36433,rgb,raw\rffnet\data\FLAME2\images\img_rgb_(36433).png,train
rffnet_train_ir_36433,36433,ir,raw\rffnet\data\FLAME2\images\img_ir_(36433).png,train
rffnet_train_rgb_36475,36475,rgb,raw\rffnet\data\FLAME2\images\img_rgb_(36475).png,train
rffnet_train_ir_36475,36475,ir,raw\rffnet\data\FLAME2\images\img_ir_(36475).png,train
rffnet_train_rgb_36527,36527,rgb,raw\rffnet\data\FLAME2\images\img_rgb_(36527).png,train
rffnet_train_ir_36527,36527,ir,raw\rffnet\data\FLAME2\images\img_ir_(36527).png,train
rffnet_train_rgb_36573,36573,rgb,raw\rffnet\data\FLAME2\images\img_rgb_(36573).png,train
rffnet_train_ir_36573,36573,ir,raw\rffnet\data\FLAME2\images\img_ir_(36573).png,train
rffnet_train_rgb_36574,36574,rgb,raw\rffnet\data\FLAME2\images\img_rgb_(36574).png,train
rffnet_train_ir_36574,36574,ir,raw\rffnet\data\FLAME2\images\img_ir_(36574).png,train
rffnet_train_rgb_36605,36605,rgb,raw\rffnet\data\FLAME2\images\img_rgb_(36605).png,train
rffnet_train_ir_36605,36605,ir,raw\rffnet\data\FLAME2\images\img_ir_(36605).png,train
rffnet_train_rgb_36632,36632,rgb,raw\rffnet\data\FLAME2\images\img_rgb_(36632).png,train
rffnet_train_ir_36632,36632,ir,raw\rffnet\data\FLAME2\images\img_ir_(36632).png,train
rffnet_train_rgb_36640,36640,rgb,raw\rffnet\data\FLAME2\images\img_rgb_(36640).png,train
rffnet_train_ir_36640,36640,ir,raw\rffnet\data\FLAME2\images\img_ir_(36640).png,train
rffnet_train_rgb_37154,37154,rgb,raw\rffnet\data\FLAME2\images\img_rgb_(37154).png,train
rffnet_train_ir_37154,37154,ir,raw\rffnet\data\FLAME2\images\img_ir_(37154).png,train
rffnet_train_rgb_37179,37179,rgb,raw\rffnet\data\FLAME2\images\img_rgb_(37179).png,train
rffnet_train_ir_37179,37179,ir,raw\rffnet\data\FLAME2\images\img_ir_(37179).png,train
rffnet_train_rgb_37203,37203,rgb,raw\rffnet\data\FLAME2\images\img_rgb_(37203).png,train
rffnet_train_ir_37203,37203,ir,raw\rffnet\data\FLAME2\images\img_ir_(37203).png,train
rffnet_train_rgb_37217,37217,rgb,raw\rffnet\data\FLAME2\images\img_rgb_(37217).png,train
rffnet_train_ir_37217,37217,ir,raw\rffnet\data\FLAME2\images\img_ir_(37217).png,train
rffnet_train_rgb_37224,37224,rgb,raw\rffnet\data\FLAME2\images\img_rgb_(37224).png,train
rffnet_train_ir_37224,37224,ir,raw\rffnet\data\FLAME2\images\img_ir_(37224).png,train
rffnet_train_rgb_37326,37326,rgb,raw\rffnet\data\FLAME2\images\img_rgb_(37326).png,train
rffnet_train_ir_37326,37326,ir,raw\rffnet\data\FLAME2\images\img_ir_(37326).png,train
rffnet_train_rgb_37376,37376,rgb,raw\rffnet\data\FLAME2\images\img_rgb_(37376).png,train
rffnet_train_ir_37376,37376,ir,raw\rffnet\data\FLAME2\images\img_ir_(37376).png,train
rffnet_train_rgb_37395,37395,rgb,raw\rffnet\data\FLAME2\images\img_rgb_(37395).png,train
rffnet_train_ir_37395,37395,ir,raw\rffnet\data\FLAME2\images\img_ir_(37395).png,train
rffnet_train_rgb_37410,37410,rgb,raw\rffnet\data\FLAME2\images\img_rgb_(37410).png,train
rffnet_train_ir_37410,37410,ir,raw\rffnet\data\FLAME2\images\img_ir_(37410).png,train
rffnet_train_rgb_37448,37448,rgb,raw\rffnet\data\FLAME2\images\img_rgb_(37448).png,train
rffnet_train_ir_37448,37448,ir,raw\rffnet\data\FLAME2\images\img_ir_(37448).png,train
rffnet_train_rgb_37468,37468,rgb,raw\rffnet\data\FLAME2\images\img_rgb_(37468).png,train
rffnet_train_ir_37468,37468,ir,raw\rffnet\data\FLAME2\images\img_ir_(37468).png,train
rffnet_train_rgb_37580,37580,rgb,raw\rffnet\data\FLAME2\images\img_rgb_(37580).png,train
rffnet_train_ir_37580,37580,ir,raw\rffnet\data\FLAME2\images\img_ir_(37580).png,train
rffnet_train_rgb_37602,37602,rgb,raw\rffnet\data\FLAME2\images\img_rgb_(37602).png,train
rffnet_train_ir_37602,37602,ir,raw\rffnet\data\FLAME2\images\img_ir_(37602).png,train
rffnet_train_rgb_37662,37662,rgb,raw\rffnet\data\FLAME2\images\img_rgb_(37662).png,train
rffnet_train_ir_37662,37662,ir,raw\rffnet\data\FLAME2\images\img_ir_(37662).png,train
rffnet_train_rgb_37693,37693,rgb,raw\rffnet\data\FLAME2\images\img_rgb_(37693).png,train
rffnet_train_ir_37693,37693,ir,raw\rffnet\data\FLAME2\images\img_ir_(37693).png,train
rffnet_train_rgb_37734,37734,rgb,raw\rffnet\data\FLAME2\images\img_rgb_(37734).png,train
rffnet_train_ir_37734,37734,ir,raw\rffnet\data\FLAME2\images\img_ir_(37734).png,train
rffnet_train_rgb_37968,37968,rgb,raw\rffnet\data\FLAME2\images\img_rgb_(37968).png,train
rffnet_train_ir_37968,37968,ir,raw\rffnet\data\FLAME2\images\img_ir_(37968).png,train
rffnet_train_rgb_38094,38094,rgb,raw\rffnet\data\FLAME2\images\img_rgb_(38094).png,train
rffnet_train_ir_38094,38094,ir,raw\rffnet\data\FLAME2\images\img_ir_(38094).png,train
rffnet_train_rgb_38212,38212,rgb,raw\rffnet\data\FLAME2\images\img_rgb_(38212).png,train
rffnet_train_ir_38212,38212,ir,raw\rffnet\data\FLAME2\images\img_ir_(38212).png,train
rffnet_train_rgb_38252,38252,rgb,raw\rffnet\data\FLAME2\images\img_rgb_(38252).png,train
rffnet_train_ir_38252,38252,ir,raw\rffnet\data\FLAME2\images\img_ir_(38252).png,train
rffnet_train_rgb_38334,38334,rgb,raw\rffnet\data\FLAME2\images\img_rgb_(38334).png,train
rffnet_train_ir_38334,38334,ir,raw\rffnet\data\FLAME2\images\img_ir_(38334).png,train
rffnet_train_rgb_38355,38355,rgb,raw\rffnet\data\FLAME2\images\img_rgb_(38355).png,train
rffnet_train_ir_38355,38355,ir,raw\rffnet\data\FLAME2\images\img_ir_(38355).png,train
rffnet_train_rgb_38407,38407,rgb,raw\rffnet\data\FLAME2\images\img_rgb_(38407).png,train
rffnet_train_ir_38407,38407,ir,raw\rffnet\data\FLAME2\images\img_ir_(38407).png,train
rffnet_train_rgb_38569,38569,rgb,raw\rffnet\data\FLAME2\images\img_rgb_(38569).png,train
rffnet_train_ir_38569,38569,ir,raw\rffnet\data\FLAME2\images\img_ir_(38569).png,train
rffnet_train_rgb_38629,38629,rgb,raw\rffnet\data\FLAME2\images\img_rgb_(38629).png,train
rffnet_train_ir_38629,38629,ir,raw\rffnet\data\FLAME2\images\img_ir_(38629).png,train
rffnet_train_rgb_38654,38654,rgb,raw\rffnet\data\FLAME2\images\img_rgb_(38654).png,train
rffnet_train_ir_38654,38654,ir,raw\rffnet\data\FLAME2\images\img_ir_(38654).png,train
rffnet_train_rgb_38691,38691,rgb,raw\rffnet\data\FLAME2\images\img_rgb_(38691).png,train
rffnet_train_ir_38691,38691,ir,raw\rffnet\data\FLAME2\images\img_ir_(38691).png,train
rffnet_train_rgb_38769,38769,rgb,raw\rffnet\data\FLAME2\images\img_rgb_(38769).png,train
rffnet_train_ir_38769,38769,ir,raw\rffnet\data\FLAME2\images\img_ir_(38769).png,train
rffnet_train_rgb_38812,38812,rgb,raw\rffnet\data\FLAME2\images\img_rgb_(38812).png,train
rffnet_train_ir_38812,38812,ir,raw\rffnet\data\FLAME2\images\img_ir_(38812).png,train
rffnet_train_rgb_38858,38858,rgb,raw\rffnet\data\FLAME2\images\img_rgb_(38858).png,train
rffnet_train_ir_38858,38858,ir,raw\rffnet\data\FLAME2\images\img_ir_(38858).png,train
rffnet_train_rgb_39068,39068,rgb,raw\rffnet\data\FLAME2\images\img_rgb_(39068).png,train
rffnet_train_ir_39068,39068,ir,raw\rffnet\data\FLAME2\images\img_ir_(39068).png,train
rffnet_train_rgb_39295,39295,rgb,raw\rffnet\data\FLAME2\images\img_rgb_(39295).png,train
rffnet_train_ir_39295,39295,ir,raw\rffnet\data\FLAME2\images\img_ir_(39295).png,train
rffnet_train_rgb_39315,39315,rgb,raw\rffnet\data\FLAME2\images\img_rgb_(39315).png,train
rffnet_train_ir_39315,39315,ir,raw\rffnet\data\FLAME2\images\img_ir_(39315).png,train
rffnet_train_rgb_39442,39442,rgb,raw\rffnet\data\FLAME2\images\img_rgb_(39442).png,train
rffnet_train_ir_39442,39442,ir,raw\rffnet\data\FLAME2\images\img_ir_(39442).png,train
rffnet_train_rgb_39484,39484,rgb,raw\rffnet\data\FLAME2\images\img_rgb_(39484).png,train
rffnet_train_ir_39484,39484,ir,raw\rffnet\data\FLAME2\images\img_ir_(39484).png,train
rffnet_train_rgb_39542,39542,rgb,raw\rffnet\data\FLAME2\images\img_rgb_(39542).png,train
rffnet_train_ir_39542,39542,ir,raw\rffnet\data\FLAME2\images\img_ir_(39542).png,train
rffnet_train_rgb_39641,39641,rgb,raw\rffnet\data\FLAME2\images\img_rgb_(39641).png,train
rffnet_train_ir_39641,39641,ir,raw\rffnet\data\FLAME2\images\img_ir_(39641).png,train
rffnet_train_rgb_39705,39705,rgb,raw\rffnet\data\FLAME2\images\img_rgb_(39705).png,train
rffnet_train_ir_39705,39705,ir,raw\rffnet\data\FLAME2\images\img_ir_(39705).png,train
rffnet_train_rgb_39795,39795,rgb,raw\rffnet\data\FLAME2\images\img_rgb_(39795).png,train
rffnet_train_ir_39795,39795,ir,raw\rffnet\data\FLAME2\images\img_ir_(39795).png,train
rffnet_train_rgb_39826,39826,rgb,raw\rffnet\data\FLAME2\images\img_rgb_(39826).png,train
rffnet_train_ir_39826,39826,ir,raw\rffnet\data\FLAME2\images\img_ir_(39826).png,train
rffnet_train_rgb_39907,39907,rgb,raw\rffnet\data\FLAME2\images\img_rgb_(39907).png,train
rffnet_train_ir_39907,39907,ir,raw\rffnet\data\FLAME2\images\img_ir_(39907).png,train
rffnet_train_rgb_39964,39964,rgb,raw\rffnet\data\FLAME2\images\img_rgb_(39964).png,train
rffnet_train_ir_39964,39964,ir,raw\rffnet\data\FLAME2\images\img_ir_(39964).png,train
rffnet_train_rgb_39995,39995,rgb,raw\rffnet\data\FLAME2\images\img_rgb_(39995).png,train
rffnet_train_ir_39995,39995,ir,raw\rffnet\data\FLAME2\images\img_ir_(39995).png,train
rffnet_train_rgb_40040,40040,rgb,raw\rffnet\data\FLAME2\images\img_rgb_(40040).png,train
rffnet_train_ir_40040,40040,ir,raw\rffnet\data\FLAME2\images\img_ir_(40040).png,train
rffnet_train_rgb_40101,40101,rgb,raw\rffnet\data\FLAME2\images\img_rgb_(40101).png,train
rffnet_train_ir_40101,40101,ir,raw\rffnet\data\FLAME2\images\img_ir_(40101).png,train
rffnet_train_rgb_40160,40160,rgb,raw\rffnet\data\FLAME2\images\img_rgb_(40160).png,train
rffnet_train_ir_40160,40160,ir,raw\rffnet\data\FLAME2\images\img_ir_(40160).png,train
rffnet_train_rgb_40264,40264,rgb,raw\rffnet\data\FLAME2\images\img_rgb_(40264).png,train
rffnet_train_ir_40264,40264,ir,raw\rffnet\data\FLAME2\images\img_ir_(40264).png,train
rffnet_train_rgb_40383,40383,rgb,raw\rffnet\data\FLAME2\images\img_rgb_(40383).png,train
rffnet_train_ir_40383,40383,ir,raw\rffnet\data\FLAME2\images\img_ir_(40383).png,train
rffnet_train_rgb_40407,40407,rgb,raw\rffnet\data\FLAME2\images\img_rgb_(40407).png,train
rffnet_train_ir_40407,40407,ir,raw\rffnet\data\FLAME2\images\img_ir_(40407).png,train
rffnet_train_rgb_40525,40525,rgb,raw\rffnet\data\FLAME2\images\img_rgb_(40525).png,train
rffnet_train_ir_40525,40525,ir,raw\rffnet\data\FLAME2\images\img_ir_(40525).png,train
rffnet_train_rgb_40587,40587,rgb,raw\rffnet\data\FLAME2\images\img_rgb_(40587).png,train
rffnet_train_ir_40587,40587,ir,raw\rffnet\data\FLAME2\images\img_ir_(40587).png,train
rffnet_train_rgb_40777,40777,rgb,raw\rffnet\data\FLAME2\images\img_rgb_(40777).png,train
rffnet_train_ir_40777,40777,ir,raw\rffnet\data\FLAME2\images\img_ir_(40777).png,train
rffnet_train_rgb_40798,40798,rgb,raw\rffnet\data\FLAME2\images\img_rgb_(40798).png,train
rffnet_train_ir_40798,40798,ir,raw\rffnet\data\FLAME2\images\img_ir_(40798).png,train
rffnet_train_rgb_40878,40878,rgb,raw\rffnet\data\FLAME2\images\img_rgb_(40878).png,train
rffnet_train_ir_40878,40878,ir,raw\rffnet\data\FLAME2\images\img_ir_(40878).png,train
rffnet_train_rgb_40891,40891,rgb,raw\rffnet\data\FLAME2\images\img_rgb_(40891).png,train
rffnet_train_ir_40891,40891,ir,raw\rffnet\data\FLAME2\images\img_ir_(40891).png,train
rffnet_train_rgb_40896,40896,rgb,raw\rffnet\data\FLAME2\images\img_rgb_(40896).png,train
rffnet_train_ir_40896,40896,ir,raw\rffnet\data\FLAME2\images\img_ir_(40896).png,train
rffnet_train_rgb_40957,40957,rgb,raw\rffnet\data\FLAME2\images\img_rgb_(40957).png,train
rffnet_train_ir_40957,40957,ir,raw\rffnet\data\FLAME2\images\img_ir_(40957).png,train
rffnet_train_rgb_40965,40965,rgb,raw\rffnet\data\FLAME2\images\img_rgb_(40965).png,train
rffnet_train_ir_40965,40965,ir,raw\rffnet\data\FLAME2\images\img_ir_(40965).png,train
rffnet_train_rgb_40975,40975,rgb,raw\rffnet\data\FLAME2\images\img_rgb_(40975).png,train
rffnet_train_ir_40975,40975,ir,raw\rffnet\data\FLAME2\images\img_ir_(40975).png,train
rffnet_train_rgb_41078,41078,rgb,raw\rffnet\data\FLAME2\images\img_rgb_(41078).png,train
rffnet_train_ir_41078,41078,ir,raw\rffnet\data\FLAME2\images\img_ir_(41078).png,train
rffnet_train_rgb_41103,41103,rgb,raw\rffnet\data\FLAME2\images\img_rgb_(41103).png,train
rffnet_train_ir_41103,41103,ir,raw\rffnet\data\FLAME2\images\img_ir_(41103).png,train
rffnet_train_rgb_41136,41136,rgb,raw\rffnet\data\FLAME2\images\img_rgb_(41136).png,train
rffnet_train_ir_41136,41136,ir,raw\rffnet\data\FLAME2\images\img_ir_(41136).png,train
rffnet_train_rgb_41298,41298,rgb,raw\rffnet\data\FLAME2\images\img_rgb_(41298).png,train
rffnet_train_ir_41298,41298,ir,raw\rffnet\data\FLAME2\images\img_ir_(41298).png,train
rffnet_train_rgb_41494,41494,rgb,raw\rffnet\data\FLAME2\images\img_rgb_(41494).png,train
rffnet_train_ir_41494,41494,ir,raw\rffnet\data\FLAME2\images\img_ir_(41494).png,train
rffnet_train_rgb_41551,41551,rgb,raw\rffnet\data\FLAME2\images\img_rgb_(41551).png,train
rffnet_train_ir_41551,41551,ir,raw\rffnet\data\FLAME2\images\img_ir_(41551).png,train
rffnet_train_rgb_41566,41566,rgb,raw\rffnet\data\FLAME2\images\img_rgb_(41566).png,train
rffnet_train_ir_41566,41566,ir,raw\rffnet\data\FLAME2\images\img_ir_(41566).png,train
rffnet_train_rgb_41623,41623,rgb,raw\rffnet\data\FLAME2\images\img_rgb_(41623).png,train
rffnet_train_ir_41623,41623,ir,raw\rffnet\data\FLAME2\images\img_ir_(41623).png,train
rffnet_train_rgb_41640,41640,rgb,raw\rffnet\data\FLAME2\images\img_rgb_(41640).png,train
rffnet_train_ir_41640,41640,ir,raw\rffnet\data\FLAME2\images\img_ir_(41640).png,train
rffnet_train_rgb_41708,41708,rgb,raw\rffnet\data\FLAME2\images\img_rgb_(41708).png,train
rffnet_train_ir_41708,41708,ir,raw\rffnet\data\FLAME2\images\img_ir_(41708).png,train
rffnet_train_rgb_41725,41725,rgb,raw\rffnet\data\FLAME2\images\img_rgb_(41725).png,train
rffnet_train_ir_41725,41725,ir,raw\rffnet\data\FLAME2\images\img_ir_(41725).png,train
rffnet_train_rgb_41726,41726,rgb,raw\rffnet\data\FLAME2\images\img_rgb_(41726).png,train
rffnet_train_ir_41726,41726,ir,raw\rffnet\data\FLAME2\images\img_ir_(41726).png,train
rffnet_train_rgb_41738,41738,rgb,raw\rffnet\data\FLAME2\images\img_rgb_(41738).png,train
rffnet_train_ir_41738,41738,ir,raw\rffnet\data\FLAME2\images\img_ir_(41738).png,train
rffnet_train_rgb_41792,41792,rgb,raw\rffnet\data\FLAME2\images\img_rgb_(41792).png,train
rffnet_train_ir_41792,41792,ir,raw\rffnet\data\FLAME2\images\img_ir_(41792).png,train
rffnet_train_rgb_41815,41815,rgb,raw\rffnet\data\FLAME2\images\img_rgb_(41815).png,train
rffnet_train_ir_41815,41815,ir,raw\rffnet\data\FLAME2\images\img_ir_(41815).png,train
rffnet_train_rgb_41817,41817,rgb,raw\rffnet\data\FLAME2\images\img_rgb_(41817).png,train
rffnet_train_ir_41817,41817,ir,raw\rffnet\data\FLAME2\images\img_ir_(41817).png,train
rffnet_train_rgb_41826,41826,rgb,raw\rffnet\data\FLAME2\images\img_rgb_(41826).png,train
rffnet_train_ir_41826,41826,ir,raw\rffnet\data\FLAME2\images\img_ir_(41826).png,train
rffnet_train_rgb_41829,41829,rgb,raw\rffnet\data\FLAME2\images\img_rgb_(41829).png,train
rffnet_train_ir_41829,41829,ir,raw\rffnet\data\FLAME2\images\img_ir_(41829).png,train
rffnet_train_rgb_41860,41860,rgb,raw\rffnet\data\FLAME2\images\img_rgb_(41860).png,train
rffnet_train_ir_41860,41860,ir,raw\rffnet\data\FLAME2\images\img_ir_(41860).png,train
rffnet_train_rgb_42186,42186,rgb,raw\rffnet\data\FLAME2\images\img_rgb_(42186).png,train
rffnet_train_ir_42186,42186,ir,raw\rffnet\data\FLAME2\images\img_ir_(42186).png,train
rffnet_train_rgb_42204,42204,rgb,raw\rffnet\data\FLAME2\images\img_rgb_(42204).png,train
rffnet_train_ir_42204,42204,ir,raw\rffnet\data\FLAME2\images\img_ir_(42204).png,train
rffnet_train_rgb_42215,42215,rgb,raw\rffnet\data\FLAME2\images\img_rgb_(42215).png,train
rffnet_train_ir_42215,42215,ir,raw\rffnet\data\FLAME2\images\img_ir_(42215).png,train
rffnet_train_rgb_42216,42216,rgb,raw\rffnet\data\FLAME2\images\img_rgb_(42216).png,train
rffnet_train_ir_42216,42216,ir,raw\rffnet\data\FLAME2\images\img_ir_(42216).png,train
rffnet_train_rgb_42347,42347,rgb,raw\rffnet\data\FLAME2\images\img_rgb_(42347).png,train
rffnet_train_ir_42347,42347,ir,raw\rffnet\data\FLAME2\images\img_ir_(42347).png,train
rffnet_train_rgb_42418,42418,rgb,raw\rffnet\data\FLAME2\images\img_rgb_(42418).png,train
rffnet_train_ir_42418,42418,ir,raw\rffnet\data\FLAME2\images\img_ir_(42418).png,train
rffnet_train_rgb_42487,42487,rgb,raw\rffnet\data\FLAME2\images\img_rgb_(42487).png,train
rffnet_train_ir_42487,42487,ir,raw\rffnet\data\FLAME2\images\img_ir_(42487).png,train
rffnet_train_rgb_42509,42509,rgb,raw\rffnet\data\FLAME2\images\img_rgb_(42509).png,train
rffnet_train_ir_42509,42509,ir,raw\rffnet\data\FLAME2\images\img_ir_(42509).png,train
rffnet_train_rgb_42515,42515,rgb,raw\rffnet\data\FLAME2\images\img_rgb_(42515).png,train
rffnet_train_ir_42515,42515,ir,raw\rffnet\data\FLAME2\images\img_ir_(42515).png,train
rffnet_train_rgb_42524,42524,rgb,raw\rffnet\data\FLAME2\images\img_rgb_(42524).png,train
rffnet_train_ir_42524,42524,ir,raw\rffnet\data\FLAME2\images\img_ir_(42524).png,train
rffnet_train_rgb_42673,42673,rgb,raw\rffnet\data\FLAME2\images\img_rgb_(42673).png,train
rffnet_train_ir_42673,42673,ir,raw\rffnet\data\FLAME2\images\img_ir_(42673).png,train
rffnet_train_rgb_42700,42700,rgb,raw\rffnet\data\FLAME2\images\img_rgb_(42700).png,train
rffnet_train_ir_42700,42700,ir,raw\rffnet\data\FLAME2\images\img_ir_(42700).png,train
rffnet_train_rgb_42774,42774,rgb,raw\rffnet\data\FLAME2\images\img_rgb_(42774).png,train
rffnet_train_ir_42774,42774,ir,raw\rffnet\data\FLAME2\images\img_ir_(42774).png,train
rffnet_train_rgb_42781,42781,rgb,raw\rffnet\data\FLAME2\images\img_rgb_(42781).png,train
rffnet_train_ir_42781,42781,ir,raw\rffnet\data\FLAME2\images\img_ir_(42781).png,train
rffnet_train_rgb_42797,42797,rgb,raw\rffnet\data\FLAME2\images\img_rgb_(42797).png,train
rffnet_train_ir_42797,42797,ir,raw\rffnet\data\FLAME2\images\img_ir_(42797).png,train
rffnet_train_rgb_42819,42819,rgb,raw\rffnet\data\FLAME2\images\img_rgb_(42819).png,train
rffnet_train_ir_42819,42819,ir,raw\rffnet\data\FLAME2\images\img_ir_(42819).png,train
rffnet_train_rgb_43140,43140,rgb,raw\rffnet\data\FLAME2\images\img_rgb_(43140).png,train
rffnet_train_ir_43140,43140,ir,raw\rffnet\data\FLAME2\images\img_ir_(43140).png,train
rffnet_train_rgb_43176,43176,rgb,raw\rffnet\data\FLAME2\images\img_rgb_(43176).png,train
rffnet_train_ir_43176,43176,ir,raw\rffnet\data\FLAME2\images\img_ir_(43176).png,train
rffnet_train_rgb_43306,43306,rgb,raw\rffnet\data\FLAME2\images\img_rgb_(43306).png,train
rffnet_train_ir_43306,43306,ir,raw\rffnet\data\FLAME2\images\img_ir_(43306).png,train
rffnet_train_rgb_43316,43316,rgb,raw\rffnet\data\FLAME2\images\img_rgb_(43316).png,train
rffnet_train_ir_43316,43316,ir,raw\rffnet\data\FLAME2\images\img_ir_(43316).png,train
rffnet_train_rgb_43339,43339,rgb,raw\rffnet\data\FLAME2\images\img_rgb_(43339).png,train
rffnet_train_ir_43339,43339,ir,raw\rffnet\data\FLAME2\images\img_ir_(43339).png,train
rffnet_train_rgb_43379,43379,rgb,raw\rffnet\data\FLAME2\images\img_rgb_(43379).png,train
rffnet_train_ir_43379,43379,ir,raw\rffnet\data\FLAME2\images\img_ir_(43379).png,train
rffnet_train_rgb_43500,43500,rgb,raw\rffnet\data\FLAME2\images\img_rgb_(43500).png,train
rffnet_train_ir_43500,43500,ir,raw\rffnet\data\FLAME2\images\img_ir_(43500).png,train
rffnet_train_rgb_43543,43543,rgb,raw\rffnet\data\FLAME2\images\img_rgb_(43543).png,train
rffnet_train_ir_43543,43543,ir,raw\rffnet\data\FLAME2\images\img_ir_(43543).png,train
rffnet_train_rgb_43554,43554,rgb,raw\rffnet\data\FLAME2\images\img_rgb_(43554).png,train
rffnet_train_ir_43554,43554,ir,raw\rffnet\data\FLAME2\images\img_ir_(43554).png,train
rffnet_train_rgb_43579,43579,rgb,raw\rffnet\data\FLAME2\images\img_rgb_(43579).png,train
rffnet_train_ir_43579,43579,ir,raw\rffnet\data\FLAME2\images\img_ir_(43579).png,train
rffnet_train_rgb_43624,43624,rgb,raw\rffnet\data\FLAME2\images\img_rgb_(43624).png,train
rffnet_train_ir_43624,43624,ir,raw\rffnet\data\FLAME2\images\img_ir_(43624).png,train
rffnet_train_rgb_43673,43673,rgb,raw\rffnet\data\FLAME2\images\img_rgb_(43673).png,train
rffnet_train_ir_43673,43673,ir,raw\rffnet\data\FLAME2\images\img_ir_(43673).png,train
rffnet_train_rgb_43684,43684,rgb,raw\rffnet\data\FLAME2\images\img_rgb_(43684).png,train
rffnet_train_ir_43684,43684,ir,raw\rffnet\data\FLAME2\images\img_ir_(43684).png,train
rffnet_train_rgb_43685,43685,rgb,raw\rffnet\data\FLAME2\images\img_rgb_(43685).png,train
rffnet_train_ir_43685,43685,ir,raw\rffnet\data\FLAME2\images\img_ir_(43685).png,train
rffnet_train_rgb_43849,43849,rgb,raw\rffnet\data\FLAME2\images\img_rgb_(43849).png,train
rffnet_train_ir_43849,43849,ir,raw\rffnet\data\FLAME2\images\img_ir_(43849).png,train
rffnet_train_rgb_43884,43884,rgb,raw\rffnet\data\FLAME2\images\img_rgb_(43884).png,train
rffnet_train_ir_43884,43884,ir,raw\rffnet\data\FLAME2\images\img_ir_(43884).png,train
rffnet_train_rgb_44201,44201,rgb,raw\rffnet\data\FLAME2\images\img_rgb_(44201).png,train
rffnet_train_ir_44201,44201,ir,raw\rffnet\data\FLAME2\images\img_ir_(44201).png,train
rffnet_train_rgb_44273,44273,rgb,raw\rffnet\data\FLAME2\images\img_rgb_(44273).png,train
rffnet_train_ir_44273,44273,ir,raw\rffnet\data\FLAME2\images\img_ir_(44273).png,train
rffnet_train_rgb_44288,44288,rgb,raw\rffnet\data\FLAME2\images\img_rgb_(44288).png,train
rffnet_train_ir_44288,44288,ir,raw\rffnet\data\FLAME2\images\img_ir_(44288).png,train
rffnet_train_rgb_44289,44289,rgb,raw\rffnet\data\FLAME2\images\img_rgb_(44289).png,train
rffnet_train_ir_44289,44289,ir,raw\rffnet\data\FLAME2\images\img_ir_(44289).png,train
rffnet_train_rgb_44345,44345,rgb,raw\rffnet\data\FLAME2\images\img_rgb_(44345).png,train
rffnet_train_ir_44345,44345,ir,raw\rffnet\data\FLAME2\images\img_ir_(44345).png,train
rffnet_train_rgb_44349,44349,rgb,raw\rffnet\data\FLAME2\images\img_rgb_(44349).png,train
rffnet_train_ir_44349,44349,ir,raw\rffnet\data\FLAME2\images\img_ir_(44349).png,train
rffnet_train_rgb_44382,44382,rgb,raw\rffnet\data\FLAME2\images\img_rgb_(44382).png,train
rffnet_train_ir_44382,44382,ir,raw\rffnet\data\FLAME2\images\img_ir_(44382).png,train
rffnet_train_rgb_44471,44471,rgb,raw\rffnet\data\FLAME2\images\img_rgb_(44471).png,train
rffnet_train_ir_44471,44471,ir,raw\rffnet\data\FLAME2\images\img_ir_(44471).png,train
rffnet_train_rgb_44505,44505,rgb,raw\rffnet\data\FLAME2\images\img_rgb_(44505).png,train
rffnet_train_ir_44505,44505,ir,raw\rffnet\data\FLAME2\images\img_ir_(44505).png,train
rffnet_train_rgb_44570,44570,rgb,raw\rffnet\data\FLAME2\images\img_rgb_(44570).png,train
rffnet_train_ir_44570,44570,ir,raw\rffnet\data\FLAME2\images\img_ir_(44570).png,train
rffnet_train_rgb_44587,44587,rgb,raw\rffnet\data\FLAME2\images\img_rgb_(44587).png,train
rffnet_train_ir_44587,44587,ir,raw\rffnet\data\FLAME2\images\img_ir_(44587).png,train
rffnet_train_rgb_44589,44589,rgb,raw\rffnet\data\FLAME2\images\img_rgb_(44589).png,train
rffnet_train_ir_44589,44589,ir,raw\rffnet\data\FLAME2\images\img_ir_(44589).png,train
rffnet_train_rgb_44618,44618,rgb,raw\rffnet\data\FLAME2\images\img_rgb_(44618).png,train
rffnet_train_ir_44618,44618,ir,raw\rffnet\data\FLAME2\images\img_ir_(44618).png,train
rffnet_train_rgb_44624,44624,rgb,raw\rffnet\data\FLAME2\images\img_rgb_(44624).png,train
rffnet_train_ir_44624,44624,ir,raw\rffnet\data\FLAME2\images\img_ir_(44624).png,train
rffnet_train_rgb_44714,44714,rgb,raw\rffnet\data\FLAME2\images\img_rgb_(44714).png,train
rffnet_train_ir_44714,44714,ir,raw\rffnet\data\FLAME2\images\img_ir_(44714).png,train
rffnet_train_rgb_44890,44890,rgb,raw\rffnet\data\FLAME2\images\img_rgb_(44890).png,train
rffnet_train_ir_44890,44890,ir,raw\rffnet\data\FLAME2\images\img_ir_(44890).png,train
rffnet_train_rgb_44933,44933,rgb,raw\rffnet\data\FLAME2\images\img_rgb_(44933).png,train
rffnet_train_ir_44933,44933,ir,raw\rffnet\data\FLAME2\images\img_ir_(44933).png,train
rffnet_train_rgb_44946,44946,rgb,raw\rffnet\data\FLAME2\images\img_rgb_(44946).png,train
rffnet_train_ir_44946,44946,ir,raw\rffnet\data\FLAME2\images\img_ir_(44946).png,train
rffnet_train_rgb_44972,44972,rgb,raw\rffnet\data\FLAME2\images\img_rgb_(44972).png,train
rffnet_train_ir_44972,44972,ir,raw\rffnet\data\FLAME2\images\img_ir_(44972).png,train
rffnet_train_rgb_45225,45225,rgb,raw\rffnet\data\FLAME2\images\img_rgb_(45225).png,train
rffnet_train_ir_45225,45225,ir,raw\rffnet\data\FLAME2\images\img_ir_(45225).png,train
rffnet_train_rgb_45260,45260,rgb,raw\rffnet\data\FLAME2\images\img_rgb_(45260).png,train
rffnet_train_ir_45260,45260,ir,raw\rffnet\data\FLAME2\images\img_ir_(45260).png,train
rffnet_train_rgb_45316,45316,rgb,raw\rffnet\data\FLAME2\images\img_rgb_(45316).png,train
rffnet_train_ir_45316,45316,ir,raw\rffnet\data\FLAME2\images\img_ir_(45316).png,train
rffnet_train_rgb_45345,45345,rgb,raw\rffnet\data\FLAME2\images\img_rgb_(45345).png,train
rffnet_train_ir_45345,45345,ir,raw\rffnet\data\FLAME2\images\img_ir_(45345).png,train
rffnet_train_rgb_45383,45383,rgb,raw\rffnet\data\FLAME2\images\img_rgb_(45383).png,train
rffnet_train_ir_45383,45383,ir,raw\rffnet\data\FLAME2\images\img_ir_(45383).png,train
rffnet_train_rgb_45395,45395,rgb,raw\rffnet\data\FLAME2\images\img_rgb_(45395).png,train
rffnet_train_ir_45395,45395,ir,raw\rffnet\data\FLAME2\images\img_ir_(45395).png,train
rffnet_train_rgb_45403,45403,rgb,raw\rffnet\data\FLAME2\images\img_rgb_(45403).png,train
rffnet_train_ir_45403,45403,ir,raw\rffnet\data\FLAME2\images\img_ir_(45403).png,train
rffnet_train_rgb_45490,45490,rgb,raw\rffnet\data\FLAME2\images\img_rgb_(45490).png,train
rffnet_train_ir_45490,45490,ir,raw\rffnet\data\FLAME2\images\img_ir_(45490).png,train
rffnet_train_rgb_45521,45521,rgb,raw\rffnet\data\FLAME2\images\img_rgb_(45521).png,train
rffnet_train_ir_45521,45521,ir,raw\rffnet\data\FLAME2\images\img_ir_(45521).png,train
rffnet_train_rgb_45548,45548,rgb,raw\rffnet\data\FLAME2\images\img_rgb_(45548).png,train
rffnet_train_ir_45548,45548,ir,raw\rffnet\data\FLAME2\images\img_ir_(45548).png,train
rffnet_train_rgb_45581,45581,rgb,raw\rffnet\data\FLAME2\images\img_rgb_(45581).png,train
rffnet_train_ir_45581,45581,ir,raw\rffnet\data\FLAME2\images\img_ir_(45581).png,train
rffnet_train_rgb_45591,45591,rgb,raw\rffnet\data\FLAME2\images\img_rgb_(45591).png,train
rffnet_train_ir_45591,45591,ir,raw\rffnet\data\FLAME2\images\img_ir_(45591).png,train
rffnet_train_rgb_46061,46061,rgb,raw\rffnet\data\FLAME2\images\img_rgb_(46061).png,train
rffnet_train_ir_46061,46061,ir,raw\rffnet\data\FLAME2\images\img_ir_(46061).png,train
rffnet_train_rgb_46085,46085,rgb,raw\rffnet\data\FLAME2\images\img_rgb_(46085).png,train
rffnet_train_ir_46085,46085,ir,raw\rffnet\data\FLAME2\images\img_ir_(46085).png,train
rffnet_train_rgb_46106,46106,rgb,raw\rffnet\data\FLAME2\images\img_rgb_(46106).png,train
rffnet_train_ir_46106,46106,ir,raw\rffnet\data\FLAME2\images\img_ir_(46106).png,train
rffnet_train_rgb_46152,46152,rgb,raw\rffnet\data\FLAME2\images\img_rgb_(46152).png,train
rffnet_train_ir_46152,46152,ir,raw\rffnet\data\FLAME2\images\img_ir_(46152).png,train
rffnet_train_rgb_46169,46169,rgb,raw\rffnet\data\FLAME2\images\img_rgb_(46169).png,train
rffnet_train_ir_46169,46169,ir,raw\rffnet\data\FLAME2\images\img_ir_(46169).png,train
rffnet_train_rgb_46202,46202,rgb,raw\rffnet\data\FLAME2\images\img_rgb_(46202).png,train
rffnet_train_ir_46202,46202,ir,raw\rffnet\data\FLAME2\images\img_ir_(46202).png,train
rffnet_train_rgb_46282,46282,rgb,raw\rffnet\data\FLAME2\images\img_rgb_(46282).png,train
rffnet_train_ir_46282,46282,ir,raw\rffnet\data\FLAME2\images\img_ir_(46282).png,train
rffnet_train_rgb_46400,46400,rgb,raw\rffnet\data\FLAME2\images\img_rgb_(46400).png,train
rffnet_train_ir_46400,46400,ir,raw\rffnet\data\FLAME2\images\img_ir_(46400).png,train
rffnet_train_rgb_46445,46445,rgb,raw\rffnet\data\FLAME2\images\img_rgb_(46445).png,train
rffnet_train_ir_46445,46445,ir,raw\rffnet\data\FLAME2\images\img_ir_(46445).png,train
rffnet_train_rgb_46455,46455,rgb,raw\rffnet\data\FLAME2\images\img_rgb_(46455).png,train
rffnet_train_ir_46455,46455,ir,raw\rffnet\data\FLAME2\images\img_ir_(46455).png,train
rffnet_train_rgb_46494,46494,rgb,raw\rffnet\data\FLAME2\images\img_rgb_(46494).png,train
rffnet_train_ir_46494,46494,ir,raw\rffnet\data\FLAME2\images\img_ir_(46494).png,train
